[2026-05-14 21:43:50] [AIOS-Night] [START] begin cmd=Set-Location E:\workSpace; py scripts/run_ops_scheduler.py --slot night --date (Get-Date -Format yyyy-MM-dd); if ($LASTEXITCODE -eq 0) { powershell -NoProfile -ExecutionPolicy Bypass -File E:\workSpace\scripts\post_generic_discord.ps1 }; exit $LASTEXITCODE
[2026-05-14 21:43:53] [AIOS-Night] [END] elapsed_ms=3412
[2026-05-14 21:47:10] [AIOS-Night] [START] begin cmd=Set-Location E:\workSpace; py scripts/run_ops_scheduler.py --slot night --date (Get-Date -Format yyyy-MM-dd); if ($LASTEXITCODE -eq 0) { powershell -NoProfile -ExecutionPolicy Bypass -File E:\workSpace\scripts\post_generic_discord.ps1 }; $LASTEXITCODE
[2026-05-14 21:47:13] [AIOS-Night] [OK] exit_code=0
[2026-05-14 21:47:13] [AIOS-Night] [END] elapsed_ms=2997
[2026-05-14 21:47:46] [AIOS-Night] [START] begin cmd=Set-Location E:\workSpace; py scripts/run_ops_scheduler.py --slot night --date (Get-Date -Format yyyy-MM-dd); if ($LASTEXITCODE -eq 0) { powershell -NoProfile -ExecutionPolicy Bypass -File E:\workSpace\scripts\post_generic_discord.ps1 }; $LASTEXITCODE
[2026-05-14 21:47:49] [AIOS-Night] [OK] exit_code=0
[2026-05-14 21:47:49] [AIOS-Night] [END] elapsed_ms=3378
[2026-05-14 21:49:30] [AIOS-Night] [START] begin cmd=Set-Location E:\workSpace; py scripts/run_ops_scheduler.py --slot night --date (Get-Date -Format yyyy-MM-dd); if ($LASTEXITCODE -eq 0) { powershell -NoProfile -ExecutionPolicy Bypass -File E:\workSpace\scripts\post_generic_discord.ps1 }; $LASTEXITCODE
[2026-05-14 21:49:33] [AIOS-Night] [OK] exit_code=0
[2026-05-14 21:49:33] [AIOS-Night] [END] elapsed_ms=3188
[2026-05-14 21:55:41] [AIOS-Inv-Evening] [START] begin cmd=Set-Location E:\workSpace; py scripts/run_ops_scheduler.py --slot inv-evening --date (Get-Date -Format yyyy-MM-dd); if ($LASTEXITCODE -eq 0) { powershell -NoProfile -ExecutionPolicy Bypass -File E:\workSpace\scripts\post_signal_discord.ps1 }; $LASTEXITCODE
[2026-05-14 21:56:03] [AIOS-Inv-Evening] [ERROR] exit_code=1
[2026-05-14 21:56:03] [AIOS-Inv-Evening] [END] elapsed_ms=22802
[2026-05-14 21:56:43] [AIOS-Night] [START] begin cmd=Set-Location E:\workSpace; py scripts/run_ops_scheduler.py --slot night --date (Get-Date -Format yyyy-MM-dd); if ($LASTEXITCODE -eq 0) { powershell -NoProfile -ExecutionPolicy Bypass -File E:\workSpace\scripts\post_generic_discord.ps1; if ($LASTEXITCODE -eq 0) { powershell -NoProfile -ExecutionPolicy Bypass -File E:\workSpace\scripts\post_signal_discord.ps1 } }; $LASTEXITCODE
[2026-05-14 21:57:09] [AIOS-Night] [ERROR] exit_code=1
[2026-05-14 21:57:09] [AIOS-Night] [END] elapsed_ms=25976
[2026-05-14 21:58:00] [AIOS-Inv-Evening] [START] begin cmd=Set-Location E:\workSpace; py scripts/run_ops_scheduler.py --slot inv-evening --date (Get-Date -Format yyyy-MM-dd); if ($LASTEXITCODE -eq 0) { powershell -NoProfile -ExecutionPolicy Bypass -File E:\workSpace\scripts\post_signal_discord.ps1 }; $LASTEXITCODE
[2026-05-14 21:58:22] [AIOS-Inv-Evening] [ERROR] exit_code=1
[2026-05-14 21:58:22] [AIOS-Inv-Evening] [END] elapsed_ms=21696
[2026-05-14 22:00:36] [AIOS-Night] [START] begin cmd=Set-Location E:\workSpace; py scripts/run_ops_scheduler.py --slot night --date (Get-Date -Format yyyy-MM-dd); if ($LASTEXITCODE -eq 0) { powershell -NoProfile -ExecutionPolicy Bypass -File E:\workSpace\scripts\post_generic_discord.ps1; if ($LASTEXITCODE -eq 0) { powershell -NoProfile -ExecutionPolicy Bypass -File E:\workSpace\scripts\post_signal_discord.ps1 } }; $LASTEXITCODE
[2026-05-14 22:01:01] [AIOS-Night] [ERROR] exit_code=1
[2026-05-14 22:01:01] [AIOS-Night] [END] elapsed_ms=24896
[2026-05-14 22:01:01] [AIOS-Inv-Evening] [START] begin cmd=Set-Location E:\workSpace; py scripts/run_ops_scheduler.py --slot inv-evening --date (Get-Date -Format yyyy-MM-dd); if ($LASTEXITCODE -eq 0) { powershell -NoProfile -ExecutionPolicy Bypass -File E:\workSpace\scripts\post_signal_discord.ps1 }; $LASTEXITCODE
[2026-05-14 22:01:25] [AIOS-Inv-Evening] [ERROR] exit_code=1
[2026-05-14 22:01:25] [AIOS-Inv-Evening] [END] elapsed_ms=24336
[2026-05-14 22:02:39] [AIOS-Inv-Evening] [START] begin cmd=Set-Location E:\workSpace; py scripts/run_ops_scheduler.py --slot inv-evening --date (Get-Date -Format yyyy-MM-dd); if ($LASTEXITCODE -eq 0) { powershell -NoProfile -ExecutionPolicy Bypass -File E:\workSpace\scripts\post_signal_discord.ps1 }; $LASTEXITCODE
[2026-05-14 22:03:02] [AIOS-Inv-Evening] [OK] exit_code=0
[2026-05-14 22:03:02] [AIOS-Inv-Evening] [END] elapsed_ms=22647
[2026-05-14 22:17:47] [AIOS-Inv-Evening] [START] begin cmd=Set-Location E:\workSpace; py scripts/run_ops_scheduler.py --slot inv-evening --date (Get-Date -Format yyyy-MM-dd); if ($LASTEXITCODE -eq 0) { powershell -NoProfile -ExecutionPolicy Bypass -File E:\workSpace\scripts\post_signal_discord.ps1 }; $LASTEXITCODE
[2026-05-14 22:18:47] [AIOS-Inv-Evening] [OK] exit_code=0
[2026-05-14 22:18:47] [AIOS-Inv-Evening] [END] elapsed_ms=60362
[2026-05-14 22:19:54] [AIOS-Night] [START] begin cmd=Set-Location E:\workSpace; py scripts/run_ops_scheduler.py --slot night --date (Get-Date -Format yyyy-MM-dd); if ($LASTEXITCODE -eq 0) { powershell -NoProfile -ExecutionPolicy Bypass -File E:\workSpace\scripts\post_generic_discord.ps1; if ($LASTEXITCODE -eq 0) { powershell -NoProfile -ExecutionPolicy Bypass -File E:\workSpace\scripts\post_signal_discord.ps1 } }; $LASTEXITCODE
[2026-05-14 22:20:57] [AIOS-Night] [OK] exit_code=0
[2026-05-14 22:20:57] [AIOS-Night] [END] elapsed_ms=62596
[2026-05-15 07:30:03] [AIOS-Inv-Morning] [START] begin cmd=Set-Location E:\workSpace; py scripts/run_ops_scheduler.py --slot inv-morning --date (Get-Date -Format yyyy-MM-dd); if ($LASTEXITCODE -eq 0) { powershell -NoProfile -ExecutionPolicy Bypass -File E:\workSpace\scripts\post_signal_discord.ps1 }; $LASTEXITCODE
[2026-05-15 07:31:02] [AIOS-Inv-Morning] [OK] exit_code=0
[2026-05-15 07:31:02] [AIOS-Inv-Morning] [END] elapsed_ms=58753
[2026-05-15 08:10:03] [AIOS-Inv-Scenario-0810] [START] begin cmd=Set-Location E:\workSpace; py scripts/run_ops_scheduler.py --slot inv-scenario --date (Get-Date -Format yyyy-MM-dd); if ($LASTEXITCODE -eq 0) { powershell -NoProfile -ExecutionPolicy Bypass -File E:\workSpace\scripts\post_scenario_discord.ps1 }; $LASTEXITCODE
[2026-05-15 08:10:05] [AIOS-Inv-Scenario-0810] [ERROR] exit_code=1
[2026-05-15 08:10:05] [AIOS-Inv-Scenario-0810] [END] elapsed_ms=2110
[2026-05-15 12:10:03] [AIOS-Inv-Noon] [START] begin cmd=Set-Location E:\workSpace; py scripts/run_ops_scheduler.py --slot inv-noon --date (Get-Date -Format yyyy-MM-dd); if ($LASTEXITCODE -eq 0) { powershell -NoProfile -ExecutionPolicy Bypass -File E:\workSpace\scripts\post_signal_discord.ps1 }; $LASTEXITCODE
[2026-05-15 12:11:00] [AIOS-Inv-Noon] [OK] exit_code=0
[2026-05-15 12:11:00] [AIOS-Inv-Noon] [END] elapsed_ms=57709
[2026-05-15 20:48:08] [AIOS-Night] [START] begin cmd=Set-Location E:\workSpace; py scripts/run_ops_scheduler.py --slot night --date (Get-Date -Format yyyy-MM-dd); if ($LASTEXITCODE -eq 0) { powershell -NoProfile -ExecutionPolicy Bypass -File E:\workSpace\scripts\post_generic_discord.ps1; if ($LASTEXITCODE -eq 0) { powershell -NoProfile -ExecutionPolicy Bypass -File E:\workSpace\scripts\post_signal_discord.ps1 } }; $LASTEXITCODE
[2026-05-15 20:49:11] [AIOS-Inv-Evening] [OK] exit_code=0
[2026-05-15 20:49:11] [AIOS-Inv-Evening] [END] elapsed_ms=57081
[2026-05-15 20:49:14] [AIOS-Night] [OK] exit_code=0
[2026-05-15 20:49:14] [AIOS-Night] [END] elapsed_ms=65755
[2026-05-15 21:20:03] [AIOS-Alert-Healthcheck] [START] begin cmd=powershell -NoProfile -ExecutionPolicy Bypass -File E:\workSpace\scripts\run_alert_healthcheck.ps1; $rc = $LASTEXITCODE; if ($rc -eq 0) { powershell -NoProfile -ExecutionPolicy Bypass -File E:\workSpace\scripts\post_alert_discord.ps1; $rc = $LASTEXITCODE }; $rc
[2026-05-15 21:20:04] [AIOS-Alert-Healthcheck] [ERROR] exit_code=1
[2026-05-15 21:20:04] [AIOS-Alert-Healthcheck] [END] elapsed_ms=1191
[2026-05-16 07:30:02] [AIOS-Inv-Morning] [START] begin cmd=Set-Location E:\workSpace; py scripts/run_ops_scheduler.py --slot inv-morning --date (Get-Date -Format yyyy-MM-dd); if ($LASTEXITCODE -eq 0) { powershell -NoProfile -ExecutionPolicy Bypass -File E:\workSpace\scripts\post_signal_discord.ps1 }; $LASTEXITCODE
[2026-05-16 07:31:01] [AIOS-Inv-Morning] [OK] exit_code=0
[2026-05-16 07:31:01] [AIOS-Inv-Morning] [END] elapsed_ms=58588
[2026-05-16 08:10:03] [AIOS-Inv-Scenario-0810] [START] begin cmd=Set-Location E:\workSpace; py scripts/run_ops_scheduler.py --slot inv-scenario --date (Get-Date -Format yyyy-MM-dd); if ($LASTEXITCODE -eq 0) { powershell -NoProfile -ExecutionPolicy Bypass -File E:\workSpace\scripts\post_scenario_discord.ps1 }; $LASTEXITCODE
[2026-05-16 08:10:04] [AIOS-Inv-Scenario-0810] [ERROR] exit_code=1
[2026-05-16 08:10:04] [AIOS-Inv-Scenario-0810] [END] elapsed_ms=1483
[2026-05-16 12:10:02] [AIOS-Inv-Noon] [START] begin cmd=Set-Location E:\workSpace; py scripts/run_ops_scheduler.py --slot inv-noon --date (Get-Date -Format yyyy-MM-dd); if ($LASTEXITCODE -eq 0) { powershell -NoProfile -ExecutionPolicy Bypass -File E:\workSpace\scripts\post_signal_discord.ps1 }; $LASTEXITCODE
[2026-05-16 12:11:00] [AIOS-Inv-Noon] [OK] exit_code=0
[2026-05-16 12:11:00] [AIOS-Inv-Noon] [END] elapsed_ms=57881
[2026-05-16 20:00:03] [AIOS-Night] [START] begin cmd=Set-Location E:\workSpace; py scripts/run_ops_scheduler.py --slot night --date (Get-Date -Format yyyy-MM-dd); if ($LASTEXITCODE -eq 0) { powershell -NoProfile -ExecutionPolicy Bypass -File E:\workSpace\scripts\post_generic_discord.ps1; if ($LASTEXITCODE -eq 0) { powershell -NoProfile -ExecutionPolicy Bypass -File E:\workSpace\scripts\post_signal_discord.ps1 } }; $LASTEXITCODE
[2026-05-16 20:01:05] [AIOS-Night] [OK] exit_code=0
[2026-05-16 20:01:06] [AIOS-Night] [END] elapsed_ms=62504
[2026-05-16 20:10:03] [AIOS-Inv-Evening] [START] begin cmd=Set-Location E:\workSpace; py scripts/run_ops_scheduler.py --slot inv-evening --date (Get-Date -Format yyyy-MM-dd); if ($LASTEXITCODE -eq 0) { powershell -NoProfile -ExecutionPolicy Bypass -File E:\workSpace\scripts\post_signal_discord.ps1 }; $LASTEXITCODE
[2026-05-16 20:11:02] [AIOS-Inv-Evening] [OK] exit_code=0
[2026-05-16 20:11:02] [AIOS-Inv-Evening] [END] elapsed_ms=58521
[2026-05-16 23:08:39] [AIOS-Alert-Healthcheck] [START] begin cmd=powershell -NoProfile -ExecutionPolicy Bypass -File E:\workSpace\scripts\run_alert_healthcheck.ps1; $rc = $LASTEXITCODE; if ($rc -eq 0) { powershell -NoProfile -ExecutionPolicy Bypass -File E:\workSpace\scripts\post_alert_discord.ps1; $rc = $LASTEXITCODE }; $rc
[2026-05-16 23:08:40] [AIOS-Alert-Healthcheck] [ERROR] exit_code=1
[2026-05-16 23:08:40] [AIOS-Alert-Healthcheck] [END] elapsed_ms=1847
[2026-05-16 23:39:02] [AIOS-Night] [START] begin cmd=Set-Location E:\workSpace; py scripts/run_ops_scheduler.py --slot night --date (Get-Date -Format yyyy-MM-dd); if ($LASTEXITCODE -eq 0) { powershell -NoProfile -ExecutionPolicy Bypass -File E:\workSpace\scripts\post_generic_discord.ps1; if ($LASTEXITCODE -eq 0) { powershell -NoProfile -ExecutionPolicy Bypass -File E:\workSpace\scripts\post_signal_discord.ps1 } }; $LASTEXITCODE
[2026-05-16 23:40:02] [AIOS-Night] [OK] exit_code=0
[2026-05-16 23:40:02] [AIOS-Night] [END] elapsed_ms=60600
[2026-05-16 23:41:27] [AIOS-Inv-Noon] [START] begin cmd=Set-Location E:\workSpace; py scripts/run_ops_scheduler.py --slot inv-noon --date (Get-Date -Format yyyy-MM-dd); if ($LASTEXITCODE -eq 0) { powershell -NoProfile -ExecutionPolicy Bypass -File E:\workSpace\scripts\post_signal_discord.ps1 }; $LASTEXITCODE
[2026-05-16 23:42:25] [AIOS-Inv-Noon] [OK] exit_code=0
[2026-05-16 23:42:25] [AIOS-Inv-Noon] [END] elapsed_ms=57197
[2026-05-16 23:47:06] [AIOS-Night] [START] begin cmd=Set-Location E:\workSpace; py scripts/run_ops_scheduler.py --slot night --date (Get-Date -Format yyyy-MM-dd); if ($LASTEXITCODE -eq 0) { powershell -NoProfile -ExecutionPolicy Bypass -File E:\workSpace\scripts\post_generic_discord.ps1; if ($LASTEXITCODE -eq 0) { powershell -NoProfile -ExecutionPolicy Bypass -File E:\workSpace\scripts\post_signal_discord.ps1 } }; $LASTEXITCODE
[2026-05-16 23:48:05] [AIOS-Night] [OK] exit_code=0
[2026-05-16 23:48:05] [AIOS-Night] [END] elapsed_ms=59348
[2026-05-16 23:50:01] [AIOS-Night] [START] begin cmd=Set-Location E:\workSpace; py scripts/run_ops_scheduler.py --slot night --date (Get-Date -Format yyyy-MM-dd); if ($LASTEXITCODE -eq 0) { powershell -NoProfile -ExecutionPolicy Bypass -File E:\workSpace\scripts\post_generic_discord.ps1; if ($LASTEXITCODE -eq 0) { powershell -NoProfile -ExecutionPolicy Bypass -File E:\workSpace\scripts\post_signal_discord.ps1 } }; $LASTEXITCODE
[2026-05-16 23:50:47] [AIOS-Night] [OK] exit_code=0
[2026-05-16 23:50:47] [AIOS-Night] [END] elapsed_ms=46530
[2026-05-16 23:56:24] [AIOS-Night] [START] begin cmd=Set-Location E:\workSpace; py scripts/run_ops_scheduler.py --slot night --date (Get-Date -Format yyyy-MM-dd); if ($LASTEXITCODE -eq 0) { powershell -NoProfile -ExecutionPolicy Bypass -File E:\workSpace\scripts\post_generic_discord.ps1; if ($LASTEXITCODE -eq 0) { powershell -NoProfile -ExecutionPolicy Bypass -File E:\workSpace\scripts\post_signal_discord.ps1 } }; $LASTEXITCODE
[2026-05-16 23:57:10] [AIOS-Night] [OK] exit_code=0
[2026-05-16 23:57:10] [AIOS-Night] [END] elapsed_ms=46262
[2026-05-17 20:32:53] [AIOS-Inv-Noon] [START] begin cmd=Set-Location E:\workSpace; py scripts/run_ops_scheduler.py --slot inv-noon --date (Get-Date -Format yyyy-MM-dd); if ($LASTEXITCODE -eq 0) { powershell -NoProfile -ExecutionPolicy Bypass -File E:\workSpace\scripts\notify\post_signal_discord.ps1; powershell -NoProfile -ExecutionPolicy Bypass -File E:\workSpace\scripts\notify\post_signal_quality_alert.ps1 }; $LASTEXITCODE
[2026-05-17 20:33:00] [AIOS-Inv-Noon] [OK] exit_code=0
[2026-05-17 20:33:00] [AIOS-Inv-Noon] [END] elapsed_ms=6643
[2026-05-17 20:33:35] [AIOS-Night] [OK] exit_code=0
[2026-05-17 20:33:35] [AIOS-Night] [END] elapsed_ms=41771
[2026-05-17 21:42:35] [AIOS-Inv-Evening] [START] begin cmd=Set-Location E:\workSpace; py scripts/run_ops_scheduler.py --slot inv-evening --date (Get-Date -Format yyyy-MM-dd); if ($LASTEXITCODE -eq 0) { powershell -NoProfile -ExecutionPolicy Bypass -File E:\workSpace\scripts\notify\post_signal_discord.ps1; powershell -NoProfile -ExecutionPolicy Bypass -File E:\workSpace\scripts\notify\post_paper_stats_discord.ps1; powershell -NoProfile -ExecutionPolicy Bypass -File E:\workSpace\scripts\notify\post_signal_quality_alert.ps1 }; $LASTEXITCODE
[2026-05-17 21:43:04] [AIOS-Inv-Evening] [OK] exit_code=0
[2026-05-17 21:43:04] [AIOS-Inv-Evening] [END] elapsed_ms=28101
[2026-05-17 21:45:20] [AIOS-Inv-Evening] [START] begin cmd=Set-Location E:\workSpace; py scripts/run_ops_scheduler.py --slot inv-evening --date (Get-Date -Format yyyy-MM-dd); if ($LASTEXITCODE -eq 0) { powershell -NoProfile -ExecutionPolicy Bypass -File E:\workSpace\scripts\notify\post_signal_discord.ps1; powershell -NoProfile -ExecutionPolicy Bypass -File E:\workSpace\scripts\notify\post_paper_stats_discord.ps1; powershell -NoProfile -ExecutionPolicy Bypass -File E:\workSpace\scripts\notify\post_signal_quality_alert.ps1 }; $LASTEXITCODE
[2026-05-17 21:45:49] [AIOS-Inv-Evening] [OK] exit_code=0
[2026-05-17 21:45:49] [AIOS-Inv-Evening] [END] elapsed_ms=29466
[2026-05-17 21:47:28] [AIOS-Inv-Evening] [START] begin cmd=Set-Location E:\workSpace; py scripts/run_ops_scheduler.py --slot inv-evening --date (Get-Date -Format yyyy-MM-dd); if ($LASTEXITCODE -eq 0) { powershell -NoProfile -ExecutionPolicy Bypass -File E:\workSpace\scripts\notify\post_signal_discord.ps1; powershell -NoProfile -ExecutionPolicy Bypass -File E:\workSpace\scripts\notify\post_paper_stats_discord.ps1; powershell -NoProfile -ExecutionPolicy Bypass -File E:\workSpace\scripts\notify\post_signal_quality_alert.ps1 }; $LASTEXITCODE
[2026-05-17 21:47:54] [AIOS-Inv-Evening] [OK] exit_code=0
[2026-05-17 21:47:54] [AIOS-Inv-Evening] [END] elapsed_ms=25699
[2026-05-17 21:55:23] [AIOS-Inv-Scenario-0810] [START] begin cmd=Set-Location E:\workSpace; py scripts/run_ops_scheduler.py --slot inv-scenario --date (Get-Date -Format yyyy-MM-dd); if ($LASTEXITCODE -eq 0) { powershell -NoProfile -ExecutionPolicy Bypass -File E:\workSpace\scripts\notify\post_scenario_discord.ps1 }; $LASTEXITCODE
[2026-05-17 21:55:24] [AIOS-Inv-Scenario-0810] [OK] exit_code=0
[2026-05-17 21:55:24] [AIOS-Inv-Scenario-0810] [END] elapsed_ms=1035
[2026-05-17 21:57:49] [AIOS-Alert-Healthcheck] [START] begin cmd=powershell -NoProfile -ExecutionPolicy Bypass -File E:\workSpace\scripts\ops\run_alert_healthcheck.ps1; $rc = $LASTEXITCODE; if ($rc -eq 0) { powershell -NoProfile -ExecutionPolicy Bypass -File E:\workSpace\scripts\notify\post_alert_discord.ps1; $rc = $LASTEXITCODE }; $rc
[2026-05-17 21:57:49] [AIOS-Alert-Healthcheck] [ERROR] exit_code=1
[2026-05-17 21:57:49] [AIOS-Alert-Healthcheck] [END] elapsed_ms=764
[2026-05-17 21:59:51] [AIOS-Alert-Healthcheck] [START] begin cmd=powershell -NoProfile -ExecutionPolicy Bypass -File E:\workSpace\scripts\ops\run_alert_healthcheck.ps1; $rc = $LASTEXITCODE; if ($rc -eq 0) { powershell -NoProfile -ExecutionPolicy Bypass -File E:\workSpace\scripts\notify\post_alert_discord.ps1; $rc = $LASTEXITCODE }; $rc
[2026-05-17 21:59:52] [AIOS-Alert-Healthcheck] [ERROR] exit_code=1
[2026-05-17 21:59:52] [AIOS-Alert-Healthcheck] [END] elapsed_ms=1458
[2026-05-17 22:02:23] [AIOS-Alert-Healthcheck] [START] begin cmd=powershell -NoProfile -ExecutionPolicy Bypass -File E:\workSpace\scripts\ops\run_alert_healthcheck.ps1; $rc = $LASTEXITCODE; if ($rc -eq 0) { powershell -NoProfile -ExecutionPolicy Bypass -File E:\workSpace\scripts\notify\post_alert_discord.ps1; $rc = $LASTEXITCODE }; $rc
[2026-05-17 22:02:25] [AIOS-Alert-Healthcheck] [ERROR] exit_code=1
[2026-05-17 22:02:25] [AIOS-Alert-Healthcheck] [END] elapsed_ms=1584
[2026-05-17 22:04:32] [AIOS-Alert-Healthcheck] [START] begin cmd=powershell -NoProfile -ExecutionPolicy Bypass -File E:\workSpace\scripts\ops\run_alert_healthcheck.ps1; $rc = $LASTEXITCODE; if ($rc -eq 0) { powershell -NoProfile -ExecutionPolicy Bypass -File E:\workSpace\scripts\notify\post_alert_discord.ps1; $rc = $LASTEXITCODE }; $rc
[2026-05-17 22:04:35] [AIOS-Alert-Healthcheck] [OK] exit_code=0
[2026-05-17 22:04:35] [AIOS-Alert-Healthcheck] [END] elapsed_ms=2654
[2026-05-18 07:30:04] [AIOS-Inv-Morning] [START] begin cmd=Set-Location E:\workSpace; py scripts/run_ops_scheduler.py --slot inv-morning --date (Get-Date -Format yyyy-MM-dd); if ($LASTEXITCODE -eq 0) { powershell -NoProfile -ExecutionPolicy Bypass -File E:\workSpace\scripts\notify\post_signal_discord.ps1; powershell -NoProfile -ExecutionPolicy Bypass -File E:\workSpace\scripts\notify\post_signal_quality_alert.ps1 }; $LASTEXITCODE
[2026-05-18 07:30:33] [AIOS-Inv-Morning] [OK] exit_code=0
[2026-05-18 07:30:33] [AIOS-Inv-Morning] [END] elapsed_ms=29118
[2026-05-18 08:10:01] [AIOS-Inv-Scenario-0810] [START] begin cmd=Set-Location E:\workSpace; py scripts/run_ops_scheduler.py --slot inv-scenario --date (Get-Date -Format yyyy-MM-dd); if ($LASTEXITCODE -eq 0) { powershell -NoProfile -ExecutionPolicy Bypass -File E:\workSpace\scripts\notify\post_scenario_discord.ps1 }; $LASTEXITCODE
[2026-05-18 08:10:03] [AIOS-Inv-Scenario-0810] [OK] exit_code=0
[2026-05-18 08:10:03] [AIOS-Inv-Scenario-0810] [END] elapsed_ms=1405
[2026-05-18 12:10:03] [AIOS-Inv-Noon] [START] begin cmd=Set-Location E:\workSpace; py scripts/run_ops_scheduler.py --slot inv-noon --date (Get-Date -Format yyyy-MM-dd); if ($LASTEXITCODE -eq 0) { powershell -NoProfile -ExecutionPolicy Bypass -File E:\workSpace\scripts\notify\post_signal_discord.ps1; powershell -NoProfile -ExecutionPolicy Bypass -File E:\workSpace\scripts\notify\post_signal_quality_alert.ps1 }; $LASTEXITCODE
[2026-05-18 12:10:06] [AIOS-Inv-Noon] [OK] exit_code=0
[2026-05-18 12:10:06] [AIOS-Inv-Noon] [END] elapsed_ms=2970
[2026-05-18 21:00:02] [AIOS-Night] [START] begin cmd=Set-Location E:\workSpace; py scripts/run_ops_scheduler.py --slot night --date (Get-Date -Format yyyy-MM-dd); if ($LASTEXITCODE -eq 0) { powershell -NoProfile -ExecutionPolicy Bypass -File E:\workSpace\scripts\notify\post_generic_discord.ps1; if ($LASTEXITCODE -eq 0) { powershell -NoProfile -ExecutionPolicy Bypass -File E:\workSpace\scripts\notify\post_signal_discord.ps1 } }; $LASTEXITCODE
[2026-05-18 21:00:42] [AIOS-Night] [OK] exit_code=0
[2026-05-18 21:00:42] [AIOS-Night] [END] elapsed_ms=39498
[2026-05-18 21:10:01] [AIOS-Inv-Evening] [START] begin cmd=Set-Location E:\workSpace; py scripts/run_ops_scheduler.py --slot inv-evening --date (Get-Date -Format yyyy-MM-dd); if ($LASTEXITCODE -eq 0) { powershell -NoProfile -ExecutionPolicy Bypass -File E:\workSpace\scripts\notify\post_signal_discord.ps1; powershell -NoProfile -ExecutionPolicy Bypass -File E:\workSpace\scripts\notify\post_paper_stats_discord.ps1; powershell -NoProfile -ExecutionPolicy Bypass -File E:\workSpace\scripts\notify\post_signal_quality_alert.ps1 }; $LASTEXITCODE
[2026-05-18 21:10:36] [AIOS-Inv-Evening] [OK] exit_code=0
[2026-05-18 21:10:36] [AIOS-Inv-Evening] [END] elapsed_ms=35420
[2026-05-18 21:20:00] [AIOS-Alert-Healthcheck] [START] begin cmd=powershell -NoProfile -ExecutionPolicy Bypass -File E:\workSpace\scripts\ops\run_alert_healthcheck.ps1; $rc = $LASTEXITCODE; if ($rc -eq 0) { powershell -NoProfile -ExecutionPolicy Bypass -File E:\workSpace\scripts\notify\post_alert_discord.ps1; $rc = $LASTEXITCODE }; $rc
[2026-05-18 21:20:02] [AIOS-Alert-Healthcheck] [OK] exit_code=0
[2026-05-18 21:20:02] [AIOS-Alert-Healthcheck] [END] elapsed_ms=2093
[2026-05-18 21:23:55] [AIOS-Backtest-Weekly] [START] begin cmd=Set-Location E:\workSpace; $d=(Get-Date -Format yyyy-MM-dd); py scripts/investment/backtest/run_backtest_suite.py --mode deep --date $d; if ($LASTEXITCODE -eq 0) { py scripts/data/init_investment_db.py; if ($LASTEXITCODE -eq 0) { py scripts/data/ingest_investment_db.py --date $d; if ($LASTEXITCODE -eq 0) { py scripts/investment/backtest/analyze_exit_timing.py --out-date $d --mode all; py scripts/investment/backtest/analyze_paper_trade_stats.py --out-date $d --mode all; py scripts/investment/backtest/analyze_watch_promotion.py --out-date $d --ladder; py scripts/investment/backtest/generate_trade_watch_weekly_review.py --out-date $d } } }; $LASTEXITCODE
[2026-05-18 21:23:56] [AIOS-Backtest-Weekly] [ERROR] exit_code=1
[2026-05-18 21:23:56] [AIOS-Backtest-Weekly] [END] elapsed_ms=319
[2026-05-18 21:24:26] [AIOS-Backtest-Weekly] [START] begin cmd=Set-Location E:\workSpace; $d=(Get-Date -Format yyyy-MM-dd); py scripts/investment/backtest/run_backtest_suite.py --mode deep --date $d; if ($LASTEXITCODE -eq 0) { py scripts/data/init_investment_db.py; if ($LASTEXITCODE -eq 0) { py scripts/data/ingest_investment_db.py --date $d; if ($LASTEXITCODE -eq 0) { py scripts/investment/backtest/analyze_exit_timing.py --out-date $d --mode all; py scripts/investment/backtest/analyze_paper_trade_stats.py --out-date $d --mode all; py scripts/investment/backtest/analyze_watch_promotion.py --out-date $d --ladder; py scripts/investment/backtest/generate_trade_watch_weekly_review.py --out-date $d } } }; $LASTEXITCODE
[2026-05-18 21:24:49] [AIOS-Backtest-Weekly] [OK] exit_code=0
[2026-05-18 21:24:49] [AIOS-Backtest-Weekly] [END] elapsed_ms=22878
[2026-05-19 07:30:02] [AIOS-Inv-Morning] [START] begin cmd=Set-Location E:\workSpace; py scripts/run_ops_scheduler.py --slot inv-morning --date (Get-Date -Format yyyy-MM-dd); if ($LASTEXITCODE -eq 0) { powershell -NoProfile -ExecutionPolicy Bypass -File E:\workSpace\scripts\notify\post_signal_discord.ps1; powershell -NoProfile -ExecutionPolicy Bypass -File E:\workSpace\scripts\notify\post_signal_quality_alert.ps1 }; $LASTEXITCODE
[2026-05-19 07:30:30] [AIOS-Inv-Morning] [OK] exit_code=0
[2026-05-19 07:30:30] [AIOS-Inv-Morning] [END] elapsed_ms=28408
[2026-05-19 08:10:02] [AIOS-Inv-Scenario-0810] [START] begin cmd=Set-Location E:\workSpace; py scripts/run_ops_scheduler.py --slot inv-scenario --date (Get-Date -Format yyyy-MM-dd); if ($LASTEXITCODE -eq 0) { powershell -NoProfile -ExecutionPolicy Bypass -File E:\workSpace\scripts\notify\post_scenario_discord.ps1 }; $LASTEXITCODE
[2026-05-19 08:10:04] [AIOS-Inv-Scenario-0810] [OK] exit_code=0
[2026-05-19 08:10:04] [AIOS-Inv-Scenario-0810] [END] elapsed_ms=1749
[2026-05-19 12:10:02] [AIOS-Inv-Noon] [START] begin cmd=Set-Location E:\workSpace; py scripts/run_ops_scheduler.py --slot inv-noon --date (Get-Date -Format yyyy-MM-dd); if ($LASTEXITCODE -eq 0) { powershell -NoProfile -ExecutionPolicy Bypass -File E:\workSpace\scripts\notify\post_signal_discord.ps1; powershell -NoProfile -ExecutionPolicy Bypass -File E:\workSpace\scripts\notify\post_signal_quality_alert.ps1 }; $LASTEXITCODE
[2026-05-19 12:10:04] [AIOS-Inv-Noon] [OK] exit_code=0
[2026-05-19 12:10:04] [AIOS-Inv-Noon] [END] elapsed_ms=2795
[2026-05-19 21:00:01] [AIOS-Night] [START] begin cmd=Set-Location E:\workSpace; py scripts/run_ops_scheduler.py --slot night --date (Get-Date -Format yyyy-MM-dd); if ($LASTEXITCODE -eq 0) { powershell -NoProfile -ExecutionPolicy Bypass -File E:\workSpace\scripts\notify\post_generic_discord.ps1; if ($LASTEXITCODE -eq 0) { powershell -NoProfile -ExecutionPolicy Bypass -File E:\workSpace\scripts\notify\post_signal_discord.ps1 } }; $LASTEXITCODE
[2026-05-19 21:00:39] [AIOS-Night] [ERROR] exit_code=1
[2026-05-19 21:00:39] [AIOS-Night] [END] elapsed_ms=37159
[2026-05-19 21:10:01] [AIOS-Inv-Evening] [START] begin cmd=Set-Location E:\workSpace; py scripts/run_ops_scheduler.py --slot inv-evening --date (Get-Date -Format yyyy-MM-dd); if ($LASTEXITCODE -eq 0) { powershell -NoProfile -ExecutionPolicy Bypass -File E:\workSpace\scripts\notify\post_signal_discord.ps1; powershell -NoProfile -ExecutionPolicy Bypass -File E:\workSpace\scripts\notify\post_paper_stats_discord.ps1; powershell -NoProfile -ExecutionPolicy Bypass -File E:\workSpace\scripts\notify\post_signal_quality_alert.ps1 }; $LASTEXITCODE
[2026-05-19 21:12:00] [AIOS-Inv-Evening] [ERROR] exit_code=1
[2026-05-19 21:12:00] [AIOS-Inv-Evening] [END] elapsed_ms=118669
[2026-05-19 21:20:01] [AIOS-Alert-Healthcheck] [START] begin cmd=powershell -NoProfile -ExecutionPolicy Bypass -File E:\workSpace\scripts\ops\run_alert_healthcheck.ps1; $rc = $LASTEXITCODE; if ($rc -eq 0) { powershell -NoProfile -ExecutionPolicy Bypass -File E:\workSpace\scripts\notify\post_alert_discord.ps1; $rc = $LASTEXITCODE }; $rc
[2026-05-19 21:20:03] [AIOS-Alert-Healthcheck] [OK] exit_code=0
[2026-05-19 21:20:03] [AIOS-Alert-Healthcheck] [END] elapsed_ms=2169
[2026-05-20 07:30:02] [AIOS-Inv-Morning] [START] begin cmd=Set-Location E:\workSpace; py scripts/run_ops_scheduler.py --slot inv-morning --date (Get-Date -Format yyyy-MM-dd); if ($LASTEXITCODE -eq 0) { powershell -NoProfile -ExecutionPolicy Bypass -File E:\workSpace\scripts\notify\post_signal_discord.ps1; powershell -NoProfile -ExecutionPolicy Bypass -File E:\workSpace\scripts\notify\post_signal_quality_alert.ps1 }; $LASTEXITCODE
[2026-05-20 07:31:38] [AIOS-Inv-Morning] [OK] exit_code=0
[2026-05-20 07:31:38] [AIOS-Inv-Morning] [END] elapsed_ms=95804
[2026-05-20 08:10:01] [AIOS-Inv-Scenario-0810] [START] begin cmd=Set-Location E:\workSpace; py scripts/run_ops_scheduler.py --slot inv-scenario --date (Get-Date -Format yyyy-MM-dd); if ($LASTEXITCODE -eq 0) { powershell -NoProfile -ExecutionPolicy Bypass -File E:\workSpace\scripts\notify\post_scenario_discord.ps1 }; $LASTEXITCODE
[2026-05-20 08:10:03] [AIOS-Inv-Scenario-0810] [OK] exit_code=0
[2026-05-20 08:10:03] [AIOS-Inv-Scenario-0810] [END] elapsed_ms=1553
[2026-05-20 12:10:02] [AIOS-Inv-Noon] [START] begin cmd=Set-Location E:\workSpace; py scripts/run_ops_scheduler.py --slot inv-noon --date (Get-Date -Format yyyy-MM-dd); if ($LASTEXITCODE -eq 0) { powershell -NoProfile -ExecutionPolicy Bypass -File E:\workSpace\scripts\notify\post_signal_discord.ps1; powershell -NoProfile -ExecutionPolicy Bypass -File E:\workSpace\scripts\notify\post_signal_quality_alert.ps1 }; $LASTEXITCODE
[2026-05-20 12:10:05] [AIOS-Inv-Noon] [OK] exit_code=0
[2026-05-20 12:10:05] [AIOS-Inv-Noon] [END] elapsed_ms=3118
[2026-05-20 21:00:01] [AIOS-Night] [START] begin cmd=Set-Location E:\workSpace; py scripts/run_ops_scheduler.py --slot night --date (Get-Date -Format yyyy-MM-dd); if ($LASTEXITCODE -eq 0) { powershell -NoProfile -ExecutionPolicy Bypass -File E:\workSpace\scripts\notify\post_generic_discord.ps1 }; $LASTEXITCODE
[2026-05-20 21:03:00] [AIOS-Night] [ERROR] exit_code=1
[2026-05-20 21:03:00] [AIOS-Night] [END] elapsed_ms=178289
[2026-05-20 21:10:01] [AIOS-Inv-Evening] [START] begin cmd=Set-Location E:\workSpace; py scripts/run_ops_scheduler.py --slot inv-evening --date (Get-Date -Format yyyy-MM-dd); if ($LASTEXITCODE -eq 0) { powershell -NoProfile -ExecutionPolicy Bypass -File E:\workSpace\scripts\notify\post_signal_discord.ps1; powershell -NoProfile -ExecutionPolicy Bypass -File E:\workSpace\scripts\notify\post_paper_stats_discord.ps1; powershell -NoProfile -ExecutionPolicy Bypass -File E:\workSpace\scripts\notify\post_signal_quality_alert.ps1 }; $LASTEXITCODE
[2026-05-20 21:13:02] [AIOS-Inv-Evening] [ERROR] exit_code=1
[2026-05-20 21:13:02] [AIOS-Inv-Evening] [END] elapsed_ms=180410
[2026-05-20 21:20:01] [AIOS-Alert-Healthcheck] [START] begin cmd=powershell -NoProfile -ExecutionPolicy Bypass -File E:\workSpace\scripts\ops\run_alert_healthcheck.ps1; $rc = $LASTEXITCODE; if ($rc -eq 0) { powershell -NoProfile -ExecutionPolicy Bypass -File E:\workSpace\scripts\notify\post_alert_discord.ps1; $rc = $LASTEXITCODE }; $rc
[2026-05-20 21:20:03] [AIOS-Alert-Healthcheck] [OK] exit_code=0
[2026-05-20 21:20:03] [AIOS-Alert-Healthcheck] [END] elapsed_ms=2078
[2026-05-20 22:04:23] [AIOS-Data-Harvest] [START] begin cmd=Set-Location E:\workSpace; $d=(Get-Date -Format yyyy-MM-dd); py scripts/investment/collect/run_harvest_backfill.py --end-date $d --days 21 --discover-latest 120 --max-pages 120 --tdnet-max-items 800 --seed-list rough_backtest_full --max-signals 12 --max-long 6 --max-short 6; $LASTEXITCODE
[2026-05-20 23:56:43] [AIOS-Data-Harvest] [ERROR] exit_code=1
[2026-05-20 23:56:43] [AIOS-Data-Harvest] [END] elapsed_ms=6740299
[2026-05-21 07:30:02] [AIOS-Inv-Morning] [START] begin cmd=Set-Location E:\workSpace; py scripts/run_ops_scheduler.py --slot inv-morning --date (Get-Date -Format yyyy-MM-dd); if ($LASTEXITCODE -eq 0) { powershell -NoProfile -ExecutionPolicy Bypass -File E:\workSpace\scripts\notify\post_signal_discord.ps1; powershell -NoProfile -ExecutionPolicy Bypass -File E:\workSpace\scripts\notify\post_signal_quality_alert.ps1 }; $LASTEXITCODE
[2026-05-21 08:10:02] [AIOS-Inv-Scenario-0810] [START] begin cmd=Set-Location E:\workSpace; py scripts/run_ops_scheduler.py --slot inv-scenario --date (Get-Date -Format yyyy-MM-dd); if ($LASTEXITCODE -eq 0) { powershell -NoProfile -ExecutionPolicy Bypass -File E:\workSpace\scripts\notify\post_scenario_discord.ps1 }; $LASTEXITCODE
[2026-05-21 08:10:04] [AIOS-Inv-Scenario-0810] [OK] exit_code=0
[2026-05-21 08:10:04] [AIOS-Inv-Scenario-0810] [END] elapsed_ms=1779
[2026-05-21 09:22:56] [AIOS-Data-Harvest] [START] begin cmd=Set-Location E:\workSpace; $d=(Get-Date -Format yyyy-MM-dd); py scripts/investment/collect/run_harvest_backfill.py --end-date $d --days 21 --discover-latest 120 --max-pages 120 --tdnet-max-items 800 --seed-list rough_backtest_full --max-signals 12 --max-long 6 --max-short 6; $LASTEXITCODE
[2026-05-21 09:30:14] [AIOS-Data-Harvest] [ERROR] exit_code=1
[2026-05-21 09:30:14] [AIOS-Data-Harvest] [END] elapsed_ms=437972
[2026-05-21 11:45:09] [AIOS-Data-Harvest] [START] begin cmd=Set-Location E:\workSpace; $d=(Get-Date -Format yyyy-MM-dd); py scripts/investment/collect/run_harvest_backfill.py --end-date $d --days 21 --discover-latest 120 --max-pages 120 --tdnet-max-items 800 --seed-list rough_backtest_full --max-signals 12 --max-long 6 --max-short 6; $LASTEXITCODE
[2026-05-21 12:10:01] [AIOS-Inv-Noon] [START] begin cmd=Set-Location E:\workSpace; py scripts/run_ops_scheduler.py --slot inv-noon --date (Get-Date -Format yyyy-MM-dd); if ($LASTEXITCODE -eq 0) { powershell -NoProfile -ExecutionPolicy Bypass -File E:\workSpace\scripts\notify\post_signal_discord.ps1; powershell -NoProfile -ExecutionPolicy Bypass -File E:\workSpace\scripts\notify\post_signal_quality_alert.ps1 }; $LASTEXITCODE
[2026-05-21 12:10:08] [AIOS-Inv-Noon] [OK] exit_code=0
[2026-05-21 12:10:08] [AIOS-Inv-Noon] [END] elapsed_ms=7025
[2026-05-21 13:54:30] [AIOS-Data-Harvest] [OK] exit_code=0
[2026-05-21 13:54:30] [AIOS-Data-Harvest] [END] elapsed_ms=7761577
[2026-05-21 21:00:01] [AIOS-Night] [START] begin cmd=Set-Location E:\workSpace; py scripts/run_ops_scheduler.py --slot night --date (Get-Date -Format yyyy-MM-dd); if ($LASTEXITCODE -eq 0) { powershell -NoProfile -ExecutionPolicy Bypass -File E:\workSpace\scripts\notify\resend_pending_discord.ps1 -Limit 5;  powershell -NoProfile -ExecutionPolicy Bypass -File E:\workSpace\scripts\notify\post_generic_discord.ps1 }; $LASTEXITCODE
[2026-05-21 21:03:06] [AIOS-Night] [OK] exit_code=0
[2026-05-21 21:03:06] [AIOS-Night] [END] elapsed_ms=185396
[2026-05-21 21:10:01] [AIOS-Inv-Evening] [START] begin cmd=Set-Location E:\workSpace; py scripts/run_ops_scheduler.py --slot inv-evening --date (Get-Date -Format yyyy-MM-dd); if ($LASTEXITCODE -eq 0) { powershell -NoProfile -ExecutionPolicy Bypass -File E:\workSpace\scripts\notify\resend_pending_discord.ps1 -Limit 5;  powershell -NoProfile -ExecutionPolicy Bypass -File E:\workSpace\scripts\notify\post_signal_discord.ps1; powershell -NoProfile -ExecutionPolicy Bypass -File E:\workSpace\scripts\notify\post_paper_stats_discord.ps1; powershell -NoProfile -ExecutionPolicy Bypass -File E:\workSpace\scripts\notify\post_signal_quality_alert.ps1 }; $LASTEXITCODE
[2026-05-21 21:13:04] [AIOS-Inv-Evening] [OK] exit_code=0
[2026-05-21 21:13:04] [AIOS-Inv-Evening] [END] elapsed_ms=182271
[2026-05-21 21:20:01] [AIOS-Alert-Healthcheck] [START] begin cmd=powershell -NoProfile -ExecutionPolicy Bypass -File E:\workSpace\scripts\ops\run_alert_healthcheck.ps1; $rc = $LASTEXITCODE; if ($rc -eq 0) { powershell -NoProfile -ExecutionPolicy Bypass -File E:\workSpace\scripts\notify\post_alert_discord.ps1; $rc = $LASTEXITCODE }; $rc
[2026-05-21 21:20:03] [AIOS-Alert-Healthcheck] [OK] exit_code=0
[2026-05-21 21:20:03] [AIOS-Alert-Healthcheck] [END] elapsed_ms=1820
[2026-05-21 21:41:15] [AIOS-Night] [START] begin cmd=Set-Location E:\workSpace; py scripts/run_ops_scheduler.py --slot night --date (Get-Date -Format yyyy-MM-dd); if ($LASTEXITCODE -eq 0) { powershell -NoProfile -ExecutionPolicy Bypass -File E:\workSpace\scripts\notify\resend_pending_discord.ps1 -Limit 5;  powershell -NoProfile -ExecutionPolicy Bypass -File E:\workSpace\scripts\notify\post_generic_discord.ps1 }; $LASTEXITCODE
[2026-05-21 21:41:50] [AIOS-Inv-Evening] [START] begin cmd=Set-Location E:\workSpace; py scripts/run_ops_scheduler.py --slot inv-evening --date (Get-Date -Format yyyy-MM-dd); if ($LASTEXITCODE -eq 0) { powershell -NoProfile -ExecutionPolicy Bypass -File E:\workSpace\scripts\notify\resend_pending_discord.ps1 -Limit 5;  powershell -NoProfile -ExecutionPolicy Bypass -File E:\workSpace\scripts\notify\post_signal_discord.ps1; powershell -NoProfile -ExecutionPolicy Bypass -File E:\workSpace\scripts\notify\post_paper_stats_discord.ps1; powershell -NoProfile -ExecutionPolicy Bypass -File E:\workSpace\scripts\notify\post_signal_quality_alert.ps1 }; $LASTEXITCODE
[2026-05-21 21:44:19] [AIOS-Night] [OK] exit_code=0
[2026-05-21 21:44:19] [AIOS-Night] [END] elapsed_ms=184164
[2026-05-21 21:44:52] [AIOS-Inv-Evening] [OK] exit_code=0
[2026-05-21 21:44:52] [AIOS-Inv-Evening] [END] elapsed_ms=182005
[2026-05-21 21:51:20] [AIOS-Inv-Evening] [START] begin cmd=Set-Location E:\workSpace; py scripts/run_ops_scheduler.py --slot inv-evening --date (Get-Date -Format yyyy-MM-dd); if ($LASTEXITCODE -eq 0) { powershell -NoProfile -ExecutionPolicy Bypass -File E:\workSpace\scripts\notify\resend_pending_discord.ps1 -Limit 5;  powershell -NoProfile -ExecutionPolicy Bypass -File E:\workSpace\scripts\notify\post_signal_discord.ps1; powershell -NoProfile -ExecutionPolicy Bypass -File E:\workSpace\scripts\notify\post_paper_stats_discord.ps1; powershell -NoProfile -ExecutionPolicy Bypass -File E:\workSpace\scripts\notify\post_signal_quality_alert.ps1 }; $LASTEXITCODE
[2026-05-21 21:51:31] [AIOS-Night] [START] begin cmd=Set-Location E:\workSpace; py scripts/run_ops_scheduler.py --slot night --date (Get-Date -Format yyyy-MM-dd); if ($LASTEXITCODE -eq 0) { powershell -NoProfile -ExecutionPolicy Bypass -File E:\workSpace\scripts\notify\resend_pending_discord.ps1 -Limit 5;  powershell -NoProfile -ExecutionPolicy Bypass -File E:\workSpace\scripts\notify\post_generic_discord.ps1 }; $LASTEXITCODE
[2026-05-21 21:54:19] [AIOS-Inv-Evening] [OK] exit_code=0
[2026-05-21 21:54:19] [AIOS-Inv-Evening] [END] elapsed_ms=179187
[2026-05-21 21:54:36] [AIOS-Night] [OK] exit_code=0
[2026-05-21 21:54:36] [AIOS-Night] [END] elapsed_ms=185183
[2026-05-21 22:05:49] [AIOS-Night] [START] begin cmd=Set-Location E:\workSpace; py scripts/run_ops_scheduler.py --slot night --date (Get-Date -Format yyyy-MM-dd); if ($LASTEXITCODE -eq 0) { powershell -NoProfile -ExecutionPolicy Bypass -File E:\workSpace\scripts\notify\resend_pending_discord.ps1 -Limit 5;  powershell -NoProfile -ExecutionPolicy Bypass -File E:\workSpace\scripts\notify\post_generic_discord.ps1 }; $LASTEXITCODE
[2026-05-21 22:08:55] [AIOS-Night] [OK] exit_code=0
[2026-05-21 22:08:55] [AIOS-Night] [END] elapsed_ms=186351
[2026-05-21 22:30:08] [AIOS-Night] [START] begin cmd=Set-Location E:\workSpace; py scripts/run_ops_scheduler.py --slot night --date (Get-Date -Format yyyy-MM-dd); if ($LASTEXITCODE -eq 0) { powershell -NoProfile -ExecutionPolicy Bypass -File E:\workSpace\scripts\notify\resend_pending_discord.ps1 -Limit 5;  powershell -NoProfile -ExecutionPolicy Bypass -File E:\workSpace\scripts\notify\post_generic_discord.ps1 }; $LASTEXITCODE
[2026-05-21 22:33:14] [AIOS-Night] [OK] exit_code=0
[2026-05-21 22:33:14] [AIOS-Night] [END] elapsed_ms=186004
[2026-05-21 22:39:59] [AIOS-Inv-Evening] [START] begin cmd=Set-Location E:\workSpace; py scripts/run_ops_scheduler.py --slot inv-evening --date (Get-Date -Format yyyy-MM-dd); if ($LASTEXITCODE -eq 0) { powershell -NoProfile -ExecutionPolicy Bypass -File E:\workSpace\scripts\notify\resend_pending_discord.ps1 -Limit 5;  powershell -NoProfile -ExecutionPolicy Bypass -File E:\workSpace\scripts\notify\post_signal_discord.ps1; powershell -NoProfile -ExecutionPolicy Bypass -File E:\workSpace\scripts\notify\post_paper_stats_discord.ps1; powershell -NoProfile -ExecutionPolicy Bypass -File E:\workSpace\scripts\notify\post_signal_quality_alert.ps1 }; $LASTEXITCODE
[2026-05-21 22:42:53] [AIOS-Inv-Evening] [OK] exit_code=0
[2026-05-21 22:42:53] [AIOS-Inv-Evening] [END] elapsed_ms=174261
[2026-05-21 23:40:03] [AIOS-Data-Harvest] [START] begin cmd=Set-Location E:\workSpace; $d=(Get-Date -Format yyyy-MM-dd); py scripts/investment/collect/run_harvest_backfill.py --end-date $d --days 21 --discover-latest 120 --max-pages 120 --tdnet-max-items 800 --seed-list rough_backtest_full --max-signals 12 --max-long 6 --max-short 6; $LASTEXITCODE
[2026-05-22 02:15:42] [AIOS-Data-Harvest] [OK] exit_code=0
[2026-05-22 02:15:42] [AIOS-Data-Harvest] [END] elapsed_ms=9338461
[2026-05-22 07:30:02] [AIOS-Inv-Morning] [START] begin cmd=Set-Location E:\workSpace; py scripts/run_ops_scheduler.py --slot inv-morning --date (Get-Date -Format yyyy-MM-dd); if ($LASTEXITCODE -eq 0) { powershell -NoProfile -ExecutionPolicy Bypass -File E:\workSpace\scripts\notify\resend_pending_discord.ps1 -Limit 5;  powershell -NoProfile -ExecutionPolicy Bypass -File E:\workSpace\scripts\notify\post_signal_discord.ps1; powershell -NoProfile -ExecutionPolicy Bypass -File E:\workSpace\scripts\notify\post_signal_quality_alert.ps1 }; $LASTEXITCODE
[2026-05-22 07:30:02] [AIOS-Inv-Morning] [ERROR] exit_code=1
[2026-05-22 07:30:02] [AIOS-Inv-Morning] [END] elapsed_ms=224
[2026-05-22 08:10:02] [AIOS-Inv-Scenario-0810] [START] begin cmd=Set-Location E:\workSpace; py scripts/run_ops_scheduler.py --slot inv-scenario --date (Get-Date -Format yyyy-MM-dd); if ($LASTEXITCODE -eq 0) { powershell -NoProfile -ExecutionPolicy Bypass -File E:\workSpace\scripts\notify\resend_pending_discord.ps1 -Limit 5;  powershell -NoProfile -ExecutionPolicy Bypass -File E:\workSpace\scripts\notify\post_scenario_discord.ps1 }; $LASTEXITCODE
[2026-05-22 08:10:03] [AIOS-Inv-Scenario-0810] [ERROR] exit_code=1
[2026-05-22 08:10:03] [AIOS-Inv-Scenario-0810] [END] elapsed_ms=298
[2026-05-22 08:53:16] [AIOS-Inv-Morning] [START] begin cmd=Set-Location E:\workSpace; py scripts/run_ops_scheduler.py --slot inv-morning --date (Get-Date -Format yyyy-MM-dd); if ($LASTEXITCODE -eq 0) { powershell -NoProfile -ExecutionPolicy Bypass -File E:\workSpace\scripts\notify\resend_pending_discord.ps1 -Limit 5;  powershell -NoProfile -ExecutionPolicy Bypass -File E:\workSpace\scripts\notify\post_signal_discord.ps1; powershell -NoProfile -ExecutionPolicy Bypass -File E:\workSpace\scripts\notify\post_signal_quality_alert.ps1 }; $LASTEXITCODE
[2026-05-22 08:53:18] [AIOS-Inv-Morning] [OK] exit_code=0
[2026-05-22 08:53:18] [AIOS-Inv-Morning] [END] elapsed_ms=2335
[2026-05-22 09:00:14] [AIOS-Inv-Morning] [START] begin cmd=Set-Location E:\workSpace; py scripts/run_ops_scheduler.py --slot inv-morning --date (Get-Date -Format yyyy-MM-dd); $rc = $LASTEXITCODE; if ($rc -eq 0) { powershell -NoProfile -ExecutionPolicy Bypass -File E:\workSpace\scripts\notify\resend_pending_discord.ps1 -Limit 5; if ($LASTEXITCODE -ne 0) { $rc = $LASTEXITCODE }; powershell -NoProfile -ExecutionPolicy Bypass -File E:\workSpace\scripts\notify\post_signal_discord.ps1; if ($LASTEXITCODE -ne 0) { $rc = $LASTEXITCODE }; powershell -NoProfile -ExecutionPolicy Bypass -File E:\workSpace\scripts\notify\post_signal_quality_alert.ps1; if ($LASTEXITCODE -ne 0) { $rc = $LASTEXITCODE } }; $rc
[2026-05-22 09:00:16] [AIOS-Inv-Morning] [OK] exit_code=0
[2026-05-22 09:00:16] [AIOS-Inv-Morning] [END] elapsed_ms=2526
[2026-05-22 09:01:05] [AIOS-Inv-Morning] [START] begin cmd=Set-Location E:\workSpace; py scripts/run_ops_scheduler.py --slot inv-morning --date (Get-Date -Format yyyy-MM-dd); $rc = $LASTEXITCODE; if ($rc -eq 0) { powershell -NoProfile -ExecutionPolicy Bypass -File E:\workSpace\scripts\notify\resend_pending_discord.ps1 -Limit 5; if ($LASTEXITCODE -ne 0) { $rc = $LASTEXITCODE }; powershell -NoProfile -ExecutionPolicy Bypass -File E:\workSpace\scripts\notify\post_signal_discord.ps1; if ($LASTEXITCODE -ne 0) { $rc = $LASTEXITCODE }; powershell -NoProfile -ExecutionPolicy Bypass -File E:\workSpace\scripts\notify\post_signal_quality_alert.ps1; if ($LASTEXITCODE -ne 0) { $rc = $LASTEXITCODE } }; $rc
[2026-05-22 09:01:32] [AIOS-Inv-Morning] [OK] exit_code=0
[2026-05-22 09:01:32] [AIOS-Inv-Morning] [END] elapsed_ms=27352
[2026-05-22 12:10:01] [AIOS-Inv-Noon] [START] begin cmd=Set-Location E:\workSpace; py scripts/run_ops_scheduler.py --slot inv-noon --date (Get-Date -Format yyyy-MM-dd); $rc = $LASTEXITCODE; if ($rc -eq 0) { powershell -NoProfile -ExecutionPolicy Bypass -File E:\workSpace\scripts\notify\resend_pending_discord.ps1 -Limit 5; if ($LASTEXITCODE -ne 0) { $rc = $LASTEXITCODE }; powershell -NoProfile -ExecutionPolicy Bypass -File E:\workSpace\scripts\notify\post_signal_discord.ps1; if ($LASTEXITCODE -ne 0) { $rc = $LASTEXITCODE }; powershell -NoProfile -ExecutionPolicy Bypass -File E:\workSpace\scripts\notify\post_signal_quality_alert.ps1; if ($LASTEXITCODE -ne 0) { $rc = $LASTEXITCODE } }; $rc
[2026-05-22 12:10:12] [AIOS-Inv-Noon] [OK] exit_code=0
[2026-05-22 12:10:12] [AIOS-Inv-Noon] [END] elapsed_ms=10723
[2026-05-22 12:20:15] [AIOS-Inv-Noon] [START] begin cmd=Set-Location E:\workSpace; py scripts/run_ops_scheduler.py --slot inv-noon --date (Get-Date -Format yyyy-MM-dd); $rc = $LASTEXITCODE; if ($rc -eq 0) { powershell -NoProfile -ExecutionPolicy Bypass -File E:\workSpace\scripts\notify\resend_pending_discord.ps1 -Limit 5; if ($LASTEXITCODE -ne 0) { $rc = $LASTEXITCODE }; powershell -NoProfile -ExecutionPolicy Bypass -File E:\workSpace\scripts\notify\post_signal_discord.ps1; if ($LASTEXITCODE -ne 0) { $rc = $LASTEXITCODE }; powershell -NoProfile -ExecutionPolicy Bypass -File E:\workSpace\scripts\notify\post_signal_quality_alert.ps1; if ($LASTEXITCODE -ne 0) { $rc = $LASTEXITCODE } }; $rc
[2026-05-22 12:20:24] [AIOS-Inv-Noon] [OK] exit_code=0
[2026-05-22 12:20:24] [AIOS-Inv-Noon] [END] elapsed_ms=8759
[2026-05-22 12:20:41] [AIOS-Inv-Scenario-0810] [START] begin cmd=Set-Location E:\workSpace; py scripts/run_ops_scheduler.py --slot inv-scenario --date (Get-Date -Format yyyy-MM-dd); $rc = $LASTEXITCODE; if ($rc -eq 0) { powershell -NoProfile -ExecutionPolicy Bypass -File E:\workSpace\scripts\notify\resend_pending_discord.ps1 -Limit 5; if ($LASTEXITCODE -ne 0) { $rc = $LASTEXITCODE }; powershell -NoProfile -ExecutionPolicy Bypass -File E:\workSpace\scripts\notify\post_scenario_discord.ps1; if ($LASTEXITCODE -ne 0) { $rc = $LASTEXITCODE } }; $rc
[2026-05-22 12:20:44] [AIOS-Inv-Scenario-0810] [OK] exit_code=0
[2026-05-22 12:20:44] [AIOS-Inv-Scenario-0810] [END] elapsed_ms=3064
[2026-05-22 12:33:40] [AIOS-Scenario-Replies-Sync] [START] begin cmd=Set-Location E:\workSpace; py scripts/notify/sync_scenario_replies_bot.py --limit 100; $LASTEXITCODE
[2026-05-22 12:33:42] [AIOS-Scenario-Replies-Sync] [OK] exit_code=0
[2026-05-22 12:33:42] [AIOS-Scenario-Replies-Sync] [END] elapsed_ms=1727
[2026-05-22 12:35:01] [AIOS-Scenario-Replies-Sync] [START] begin cmd=Set-Location E:\workSpace; py scripts/notify/sync_scenario_replies_bot.py --limit 100; $LASTEXITCODE
[2026-05-22 12:35:02] [AIOS-Scenario-Replies-Sync] [OK] exit_code=0
[2026-05-22 12:35:02] [AIOS-Scenario-Replies-Sync] [END] elapsed_ms=668
[2026-05-22 12:36:50] [AIOS-Scenario-Replies-Sync] [START] begin cmd=Set-Location E:\workSpace; py scripts/notify/sync_scenario_replies_bot.py --limit 100; $LASTEXITCODE
[2026-05-22 12:36:50] [AIOS-Scenario-Replies-Sync] [OK] exit_code=0
[2026-05-22 12:36:50] [AIOS-Scenario-Replies-Sync] [END] elapsed_ms=575
[2026-05-22 12:40:01] [AIOS-Scenario-Replies-Sync] [START] begin cmd=Set-Location E:\workSpace; py scripts/notify/sync_scenario_replies_bot.py --limit 100; $LASTEXITCODE
[2026-05-22 12:40:02] [AIOS-Scenario-Replies-Sync] [OK] exit_code=0
[2026-05-22 12:40:02] [AIOS-Scenario-Replies-Sync] [END] elapsed_ms=623
[2026-05-22 12:40:14] [AIOS-Scenario-Replies-Sync] [START] begin cmd=Set-Location E:\workSpace; py scripts/notify/sync_scenario_replies_bot.py --limit 100; $LASTEXITCODE
[2026-05-22 12:40:15] [AIOS-Scenario-Replies-Sync] [OK] exit_code=0
[2026-05-22 12:40:15] [AIOS-Scenario-Replies-Sync] [END] elapsed_ms=547
[2026-05-22 12:42:06] [AIOS-Scenario-Replies-Sync] [START] begin cmd=Set-Location E:\workSpace; py scripts/notify/sync_scenario_replies_bot.py --limit 100; $LASTEXITCODE
[2026-05-22 12:42:08] [AIOS-Scenario-Replies-Sync] [OK] exit_code=0
[2026-05-22 12:42:08] [AIOS-Scenario-Replies-Sync] [END] elapsed_ms=2452
[2026-05-22 12:44:36] [AIOS-Scenario-Replies-Sync] [START] begin cmd=Set-Location E:\workSpace; py scripts/notify/sync_scenario_replies_bot.py --limit 100; $LASTEXITCODE
[2026-05-22 12:44:41] [AIOS-Scenario-Replies-Sync] [OK] exit_code=0
[2026-05-22 12:44:41] [AIOS-Scenario-Replies-Sync] [END] elapsed_ms=4670
[2026-05-22 12:45:02] [AIOS-Scenario-Replies-Sync] [START] begin cmd=Set-Location E:\workSpace; py scripts/notify/sync_scenario_replies_bot.py --limit 100; $LASTEXITCODE
[2026-05-22 12:45:03] [AIOS-Scenario-Replies-Sync] [OK] exit_code=0
[2026-05-22 12:45:03] [AIOS-Scenario-Replies-Sync] [END] elapsed_ms=771
[2026-05-22 12:50:02] [AIOS-Scenario-Replies-Sync] [START] begin cmd=Set-Location E:\workSpace; py scripts/notify/sync_scenario_replies_bot.py --limit 100; $LASTEXITCODE
[2026-05-22 12:50:02] [AIOS-Scenario-Replies-Sync] [OK] exit_code=0
[2026-05-22 12:50:02] [AIOS-Scenario-Replies-Sync] [END] elapsed_ms=558
[2026-05-22 12:55:02] [AIOS-Scenario-Replies-Sync] [START] begin cmd=Set-Location E:\workSpace; py scripts/notify/sync_scenario_replies_bot.py --limit 100; $LASTEXITCODE
[2026-05-22 12:55:02] [AIOS-Scenario-Replies-Sync] [OK] exit_code=0
[2026-05-22 12:55:02] [AIOS-Scenario-Replies-Sync] [END] elapsed_ms=570
[2026-05-22 13:00:02] [AIOS-Scenario-Replies-Sync] [START] begin cmd=Set-Location E:\workSpace; py scripts/notify/sync_scenario_replies_bot.py --limit 100; $LASTEXITCODE
[2026-05-22 13:00:03] [AIOS-Scenario-Replies-Sync] [OK] exit_code=0
[2026-05-22 13:00:03] [AIOS-Scenario-Replies-Sync] [END] elapsed_ms=570
[2026-05-22 13:05:02] [AIOS-Scenario-Replies-Sync] [START] begin cmd=Set-Location E:\workSpace; py scripts/notify/sync_scenario_replies_bot.py --limit 100; $LASTEXITCODE
[2026-05-22 13:05:02] [AIOS-Scenario-Replies-Sync] [OK] exit_code=0
[2026-05-22 13:05:02] [AIOS-Scenario-Replies-Sync] [END] elapsed_ms=561
[2026-05-22 13:10:03] [AIOS-Scenario-Replies-Sync] [START] begin cmd=Set-Location E:\workSpace; py scripts/notify/sync_scenario_replies_bot.py --limit 100; $LASTEXITCODE
[2026-05-22 13:10:04] [AIOS-Scenario-Replies-Sync] [OK] exit_code=0
[2026-05-22 13:10:04] [AIOS-Scenario-Replies-Sync] [END] elapsed_ms=958
[2026-05-22 13:15:02] [AIOS-Scenario-Replies-Sync] [START] begin cmd=Set-Location E:\workSpace; py scripts/notify/sync_scenario_replies_bot.py --limit 100; $LASTEXITCODE
[2026-05-22 13:15:03] [AIOS-Scenario-Replies-Sync] [OK] exit_code=0
[2026-05-22 13:15:03] [AIOS-Scenario-Replies-Sync] [END] elapsed_ms=702
[2026-05-22 13:20:02] [AIOS-Scenario-Replies-Sync] [START] begin cmd=Set-Location E:\workSpace; py scripts/notify/sync_scenario_replies_bot.py --limit 100; $LASTEXITCODE
[2026-05-22 13:20:02] [AIOS-Scenario-Replies-Sync] [OK] exit_code=0
[2026-05-22 13:20:02] [AIOS-Scenario-Replies-Sync] [END] elapsed_ms=600
[2026-05-22 13:25:02] [AIOS-Scenario-Replies-Sync] [START] begin cmd=Set-Location E:\workSpace; py scripts/notify/sync_scenario_replies_bot.py --limit 100; $LASTEXITCODE
[2026-05-22 13:25:02] [AIOS-Scenario-Replies-Sync] [OK] exit_code=0
[2026-05-22 13:25:02] [AIOS-Scenario-Replies-Sync] [END] elapsed_ms=565
[2026-05-22 13:30:02] [AIOS-Scenario-Replies-Sync] [START] begin cmd=Set-Location E:\workSpace; py scripts/notify/sync_scenario_replies_bot.py --limit 100; $LASTEXITCODE
[2026-05-22 13:30:02] [AIOS-Scenario-Replies-Sync] [OK] exit_code=0
[2026-05-22 13:30:02] [AIOS-Scenario-Replies-Sync] [END] elapsed_ms=539
[2026-05-22 16:21:44] [AIOS-Scenario-Replies-Sync] [START] begin cmd=Set-Location E:\workSpace; py scripts/notify/sync_scenario_replies_bot.py --limit 100; $LASTEXITCODE
[2026-05-22 16:21:47] [AIOS-Scenario-Replies-Sync] [OK] exit_code=0
[2026-05-22 16:21:47] [AIOS-Scenario-Replies-Sync] [END] elapsed_ms=2744
[2026-05-22 16:22:34] [AIOS-Inv-Scenario-0810] [START] begin cmd=Set-Location E:\workSpace; py scripts/run_ops_scheduler.py --slot inv-scenario --date (Get-Date -Format yyyy-MM-dd); $rc = $LASTEXITCODE; if ($rc -eq 0) { powershell -NoProfile -ExecutionPolicy Bypass -File E:\workSpace\scripts\notify\resend_pending_discord.ps1 -Limit 5; if ($LASTEXITCODE -ne 0) { $rc = $LASTEXITCODE }; powershell -NoProfile -ExecutionPolicy Bypass -File E:\workSpace\scripts\notify\post_scenario_discord.ps1; if ($LASTEXITCODE -ne 0) { $rc = $LASTEXITCODE } }; $rc
[2026-05-22 16:22:40] [AIOS-Inv-Scenario-0810] [OK] exit_code=0
[2026-05-22 16:22:40] [AIOS-Inv-Scenario-0810] [END] elapsed_ms=6822
[2026-05-22 16:22:56] [AIOS-Scenario-Replies-Sync] [START] begin cmd=Set-Location E:\workSpace; py scripts/notify/sync_scenario_replies_bot.py --limit 100; $LASTEXITCODE
[2026-05-22 16:22:57] [AIOS-Scenario-Replies-Sync] [OK] exit_code=0
[2026-05-22 16:22:57] [AIOS-Scenario-Replies-Sync] [END] elapsed_ms=887
[2026-05-22 21:00:02] [AIOS-Night] [START] begin cmd=Set-Location E:\workSpace; py scripts/run_ops_scheduler.py --slot night --date (Get-Date -Format yyyy-MM-dd); $rc = $LASTEXITCODE; if ($rc -eq 0) { powershell -NoProfile -ExecutionPolicy Bypass -File E:\workSpace\scripts\notify\resend_pending_discord.ps1 -Limit 5; if ($LASTEXITCODE -ne 0) { $rc = $LASTEXITCODE }; powershell -NoProfile -ExecutionPolicy Bypass -File E:\workSpace\scripts\notify\post_generic_discord.ps1; if ($LASTEXITCODE -ne 0) { $rc = $LASTEXITCODE } }; $rc
[2026-05-22 21:03:06] [AIOS-Night] [OK] exit_code=0
[2026-05-22 21:03:06] [AIOS-Night] [END] elapsed_ms=183861
[2026-05-22 21:10:02] [AIOS-Inv-Evening] [START] begin cmd=Set-Location E:\workSpace; py scripts/run_ops_scheduler.py --slot inv-evening --date (Get-Date -Format yyyy-MM-dd); $rc = $LASTEXITCODE; if ($rc -eq 0) { powershell -NoProfile -ExecutionPolicy Bypass -File E:\workSpace\scripts\notify\resend_pending_discord.ps1 -Limit 5; if ($LASTEXITCODE -ne 0) { $rc = $LASTEXITCODE }; powershell -NoProfile -ExecutionPolicy Bypass -File E:\workSpace\scripts\notify\post_signal_discord.ps1; if ($LASTEXITCODE -ne 0) { $rc = $LASTEXITCODE }; powershell -NoProfile -ExecutionPolicy Bypass -File E:\workSpace\scripts\notify\post_paper_stats_discord.ps1; if ($LASTEXITCODE -ne 0) { $rc = $LASTEXITCODE }; powershell -NoProfile -ExecutionPolicy Bypass -File E:\workSpace\scripts\notify\post_signal_quality_alert.ps1; if ($LASTEXITCODE -ne 0) { $rc = $LASTEXITCODE } }; $rc
[2026-05-22 21:13:08] [AIOS-Inv-Evening] [OK] exit_code=0
[2026-05-22 21:13:08] [AIOS-Inv-Evening] [END] elapsed_ms=186005
[2026-05-22 21:20:01] [AIOS-Alert-Healthcheck] [START] begin cmd=powershell -NoProfile -ExecutionPolicy Bypass -File E:\workSpace\scripts\ops\run_alert_healthcheck.ps1; $rc = $LASTEXITCODE; if ($rc -eq 0) { powershell -NoProfile -ExecutionPolicy Bypass -File E:\workSpace\scripts\notify\post_alert_discord.ps1; $rc = $LASTEXITCODE }; $rc
[2026-05-22 21:20:04] [AIOS-Alert-Healthcheck] [OK] exit_code=0
[2026-05-22 21:20:04] [AIOS-Alert-Healthcheck] [END] elapsed_ms=2686
[2026-05-22 22:17:56] [AIOS-Inv-Scenario-0810] [START] begin cmd=Set-Location E:\workSpace; py scripts/run_ops_scheduler.py --slot inv-scenario --date (Get-Date -Format yyyy-MM-dd); $rc = $LASTEXITCODE; if ($rc -eq 0) { powershell -NoProfile -ExecutionPolicy Bypass -File E:\workSpace\scripts\notify\resend_pending_discord.ps1 -Limit 5; if ($LASTEXITCODE -ne 0) { $rc = $LASTEXITCODE }; powershell -NoProfile -ExecutionPolicy Bypass -File E:\workSpace\scripts\notify\post_scenario_discord.ps1; if ($LASTEXITCODE -ne 0) { $rc = $LASTEXITCODE } }; $rc
[2026-05-22 22:18:03] [AIOS-Inv-Scenario-0810] [OK] exit_code=0
[2026-05-22 22:18:03] [AIOS-Inv-Scenario-0810] [END] elapsed_ms=6710
[2026-05-22 22:23:00] [AIOS-Inv-Scenario-0810] [START] begin cmd=Set-Location E:\workSpace; py scripts/run_ops_scheduler.py --slot inv-scenario --date (Get-Date -Format yyyy-MM-dd); $rc = $LASTEXITCODE; if ($rc -eq 0) { powershell -NoProfile -ExecutionPolicy Bypass -File E:\workSpace\scripts\notify\resend_pending_discord.ps1 -Limit 5; if ($LASTEXITCODE -ne 0) { $rc = $LASTEXITCODE }; powershell -NoProfile -ExecutionPolicy Bypass -File E:\workSpace\scripts\notify\post_scenario_discord.ps1; if ($LASTEXITCODE -ne 0) { $rc = $LASTEXITCODE } }; $rc
[2026-05-22 22:23:09] [AIOS-Inv-Scenario-0810] [OK] exit_code=0
[2026-05-22 22:23:09] [AIOS-Inv-Scenario-0810] [END] elapsed_ms=8179
[2026-05-22 23:40:03] [AIOS-Data-Harvest] [START] begin cmd=Set-Location E:\workSpace; $d=(Get-Date -Format yyyy-MM-dd); py scripts/investment/collect/run_harvest_backfill.py --end-date $d --days 21 --discover-latest 120 --max-pages 120 --tdnet-max-items 800 --seed-list rough_backtest_full --max-signals 12 --max-long 6 --max-short 6; $LASTEXITCODE
[2026-05-23 02:12:27] [AIOS-Data-Harvest] [OK] exit_code=0
[2026-05-23 02:12:28] [AIOS-Data-Harvest] [END] elapsed_ms=9144485
[2026-05-23 07:30:02] [AIOS-Inv-Morning] [START] begin cmd=Set-Location E:\workSpace; py scripts/run_ops_scheduler.py --slot inv-morning --date (Get-Date -Format yyyy-MM-dd); $rc = $LASTEXITCODE; if ($rc -eq 0) { powershell -NoProfile -ExecutionPolicy Bypass -File E:\workSpace\scripts\notify\resend_pending_discord.ps1 -Limit 5; if ($LASTEXITCODE -ne 0) { $rc = $LASTEXITCODE }; powershell -NoProfile -ExecutionPolicy Bypass -File E:\workSpace\scripts\notify\post_signal_discord.ps1; if ($LASTEXITCODE -ne 0) { $rc = $LASTEXITCODE }; powershell -NoProfile -ExecutionPolicy Bypass -File E:\workSpace\scripts\notify\post_signal_quality_alert.ps1; if ($LASTEXITCODE -ne 0) { $rc = $LASTEXITCODE } }; $rc
[2026-05-23 07:33:27] [AIOS-Inv-Morning] [OK] exit_code=0
[2026-05-23 07:33:27] [AIOS-Inv-Morning] [END] elapsed_ms=204866
[2026-05-23 20:34:28] [AIOS-Inv-Noon] [START] begin cmd=Set-Location E:\workSpace; py scripts/run_ops_scheduler.py --slot inv-noon --date (Get-Date -Format yyyy-MM-dd); $rc = $LASTEXITCODE; if ($rc -eq 0) { powershell -NoProfile -ExecutionPolicy Bypass -File E:\workSpace\scripts\notify\resend_pending_discord.ps1 -Limit 5; if ($LASTEXITCODE -ne 0) { $rc = $LASTEXITCODE }; powershell -NoProfile -ExecutionPolicy Bypass -File E:\workSpace\scripts\notify\post_signal_discord.ps1; if ($LASTEXITCODE -ne 0) { $rc = $LASTEXITCODE }; powershell -NoProfile -ExecutionPolicy Bypass -File E:\workSpace\scripts\notify\post_signal_quality_alert.ps1; if ($LASTEXITCODE -ne 0) { $rc = $LASTEXITCODE } }; $rc
[2026-05-23 20:34:39] [AIOS-Inv-Noon] [OK] exit_code=0
[2026-05-23 20:34:39] [AIOS-Inv-Noon] [END] elapsed_ms=10388
[2026-05-23 21:00:01] [AIOS-Night] [START] begin cmd=Set-Location E:\workSpace; $d=(Get-Date -Format yyyy-MM-dd); py scripts/run_ops_scheduler.py --slot night --date $d; $rc = $LASTEXITCODE; if ($rc -eq 0) { py scripts/notify/render_ops_kpi_summary_discord_message.py --date $d; if ($LASTEXITCODE -ne 0) { $rc = $LASTEXITCODE }; powershell -NoProfile -ExecutionPolicy Bypass -File E:\workSpace\scripts\notify\resend_pending_discord.ps1 -Limit 5; if ($LASTEXITCODE -ne 0) { $rc = $LASTEXITCODE }; powershell -NoProfile -ExecutionPolicy Bypass -File E:\workSpace\scripts\notify\post_generic_discord.ps1; if ($LASTEXITCODE -ne 0) { $rc = $LASTEXITCODE }; powershell -NoProfile -ExecutionPolicy Bypass -File E:\workSpace\scripts\notify\post_ops_kpi_discord.ps1; if ($LASTEXITCODE -ne 0) { $rc = $LASTEXITCODE } }; $rc
[2026-05-23 21:03:46] [AIOS-Night] [OK] exit_code=0
[2026-05-23 21:03:46] [AIOS-Night] [END] elapsed_ms=225191
[2026-05-23 21:10:01] [AIOS-Inv-Evening] [START] begin cmd=Set-Location E:\workSpace; py scripts/run_ops_scheduler.py --slot inv-evening --date (Get-Date -Format yyyy-MM-dd); $rc = $LASTEXITCODE; if ($rc -eq 0) { powershell -NoProfile -ExecutionPolicy Bypass -File E:\workSpace\scripts\notify\resend_pending_discord.ps1 -Limit 5; if ($LASTEXITCODE -ne 0) { $rc = $LASTEXITCODE }; powershell -NoProfile -ExecutionPolicy Bypass -File E:\workSpace\scripts\notify\post_signal_discord.ps1; if ($LASTEXITCODE -ne 0) { $rc = $LASTEXITCODE }; powershell -NoProfile -ExecutionPolicy Bypass -File E:\workSpace\scripts\notify\post_paper_stats_discord.ps1; if ($LASTEXITCODE -ne 0) { $rc = $LASTEXITCODE }; powershell -NoProfile -ExecutionPolicy Bypass -File E:\workSpace\scripts\notify\post_signal_quality_alert.ps1; if ($LASTEXITCODE -ne 0) { $rc = $LASTEXITCODE } }; $rc
[2026-05-23 21:14:55] [AIOS-Inv-Evening] [OK] exit_code=0
[2026-05-23 21:14:55] [AIOS-Inv-Evening] [END] elapsed_ms=293794
[2026-05-23 21:20:01] [AIOS-Alert-Healthcheck] [START] begin cmd=powershell -NoProfile -ExecutionPolicy Bypass -File E:\workSpace\scripts\ops\run_alert_healthcheck.ps1; $rc = $LASTEXITCODE; if ($rc -eq 0) { powershell -NoProfile -ExecutionPolicy Bypass -File E:\workSpace\scripts\notify\post_alert_discord.ps1; $rc = $LASTEXITCODE }; $rc
[2026-05-23 21:20:02] [AIOS-Alert-Healthcheck] [OK] exit_code=0
[2026-05-23 21:20:02] [AIOS-Alert-Healthcheck] [END] elapsed_ms=1877
[2026-05-23 23:16:32] [AIOS-Tasks-Channel-Sync] [START] begin cmd=Set-Location E:\workSpace; py scripts/notify/sync_tasks_channel_bot.py --limit 50; $LASTEXITCODE
[2026-05-23 23:16:35] [AIOS-Tasks-Channel-Sync] [OK] exit_code=0
[2026-05-23 23:16:35] [AIOS-Tasks-Channel-Sync] [END] elapsed_ms=3464
[2026-05-23 23:40:03] [AIOS-Data-Harvest] [START] begin cmd=Set-Location E:\workSpace; $d=(Get-Date -Format yyyy-MM-dd); py scripts/investment/collect/run_harvest_backfill.py --end-date $d --days 21 --discover-latest 120 --max-pages 120 --tdnet-max-items 800 --seed-list rough_backtest_full --max-signals 12 --max-long 6 --max-short 6; $LASTEXITCODE
[2026-05-23 23:48:44] [AIOS-Tasks-Channel-Sync] [START] begin cmd=Set-Location E:\workSpace; py scripts/notify/sync_tasks_channel_bot.py --limit 50 --post-run-summary; $LASTEXITCODE
[2026-05-23 23:48:46] [AIOS-Tasks-Channel-Sync] [OK] exit_code=0
[2026-05-23 23:48:46] [AIOS-Tasks-Channel-Sync] [END] elapsed_ms=1234
[2026-05-24 02:19:37] [AIOS-Data-Harvest] [OK] exit_code=0
[2026-05-24 02:19:37] [AIOS-Data-Harvest] [END] elapsed_ms=9573848
[2026-05-24 03:16:21] [AIOS-Data-Harvest-Weekly-Recent30] [START] begin cmd=Set-Location E:\workSpace; py scripts/investment/collect/run_harvest_backfill.py --end-date 2026-05-23 --days 30; $LASTEXITCODE
[2026-05-24 03:30:02] [AIOS-Backtest-Weekly] [START] begin cmd=Set-Location E:\workSpace; powershell -NoProfile -ExecutionPolicy Bypass -File E:\workSpace\scripts\ops\run_backtest_weekly_inner.ps1; $LASTEXITCODE
[2026-05-24 03:30:05] [AIOS-Backtest-Weekly] [ERROR] exit_code=1
[2026-05-24 03:30:05] [AIOS-Backtest-Weekly] [END] elapsed_ms=2616
[2026-05-24 04:48:57] [AIOS-Data-Harvest-Weekly-Samples365] [START] begin cmd=Set-Location E:\workSpace; py scripts/investment/collect/run_harvest_backfill.py --end-date 2026-05-23 --days 365; $LASTEXITCODE
[2026-05-24 07:30:02] [AIOS-Inv-Morning] [START] begin cmd=Set-Location E:\workSpace; py scripts/run_ops_scheduler.py --slot inv-morning --date (Get-Date -Format yyyy-MM-dd); $rc = $LASTEXITCODE; if ($rc -eq 0) { powershell -NoProfile -ExecutionPolicy Bypass -File E:\workSpace\scripts\notify\resend_pending_discord.ps1 -Limit 5; if ($LASTEXITCODE -ne 0) { $rc = $LASTEXITCODE }; powershell -NoProfile -ExecutionPolicy Bypass -File E:\workSpace\scripts\notify\post_signal_discord.ps1; if ($LASTEXITCODE -ne 0) { $rc = $LASTEXITCODE }; powershell -NoProfile -ExecutionPolicy Bypass -File E:\workSpace\scripts\notify\post_signal_quality_alert.ps1; if ($LASTEXITCODE -ne 0) { $rc = $LASTEXITCODE } }; $rc
[2026-05-24 07:33:33] [AIOS-Inv-Morning] [OK] exit_code=0
[2026-05-24 07:33:33] [AIOS-Inv-Morning] [END] elapsed_ms=211620
[2026-05-24 10:17:46] [AIOS-Data-Harvest-Weekly-Recent30] [OK] exit_code=0
[2026-05-24 10:17:46] [AIOS-Data-Harvest-Weekly-Recent30] [END] elapsed_ms=25284190
[2026-05-24 11:55:02] [AIOS-Inv-Noon] [START] begin cmd=Set-Location E:\workSpace; py scripts/run_ops_scheduler.py --slot inv-noon --date (Get-Date -Format yyyy-MM-dd); $rc = $LASTEXITCODE; if ($rc -eq 0) { powershell -NoProfile -ExecutionPolicy Bypass -File E:\workSpace\scripts\notify\resend_pending_discord.ps1 -Limit 5; if ($LASTEXITCODE -ne 0) { $rc = $LASTEXITCODE }; powershell -NoProfile -ExecutionPolicy Bypass -File E:\workSpace\scripts\notify\post_signal_discord.ps1; if ($LASTEXITCODE -ne 0) { $rc = $LASTEXITCODE }; powershell -NoProfile -ExecutionPolicy Bypass -File E:\workSpace\scripts\notify\post_signal_quality_alert.ps1; if ($LASTEXITCODE -ne 0) { $rc = $LASTEXITCODE } }; $rc
[2026-05-24 11:55:14] [AIOS-Inv-Noon] [OK] exit_code=0
[2026-05-24 11:55:14] [AIOS-Inv-Noon] [END] elapsed_ms=11665
[2026-05-24 21:00:02] [AIOS-Night] [START] begin cmd=Set-Location E:\workSpace; $d=(Get-Date -Format yyyy-MM-dd); py scripts/run_ops_scheduler.py --slot night --date $d; $rc = $LASTEXITCODE; if ($rc -eq 0) { py scripts/notify/render_ops_kpi_summary_discord_message.py --date $d; if ($LASTEXITCODE -ne 0) { $rc = $LASTEXITCODE }; powershell -NoProfile -ExecutionPolicy Bypass -File E:\workSpace\scripts\notify\resend_pending_discord.ps1 -Limit 5; if ($LASTEXITCODE -ne 0) { $rc = $LASTEXITCODE }; powershell -NoProfile -ExecutionPolicy Bypass -File E:\workSpace\scripts\notify\post_generic_discord.ps1; if ($LASTEXITCODE -ne 0) { $rc = $LASTEXITCODE }; powershell -NoProfile -ExecutionPolicy Bypass -File E:\workSpace\scripts\notify\post_ops_kpi_discord.ps1; if ($LASTEXITCODE -ne 0) { $rc = $LASTEXITCODE } }; $rc
[2026-05-24 21:04:00] [AIOS-Night] [OK] exit_code=0
[2026-05-24 21:04:00] [AIOS-Night] [END] elapsed_ms=237587
[2026-05-24 21:10:02] [AIOS-Inv-Evening] [START] begin cmd=Set-Location E:\workSpace; py scripts/run_ops_scheduler.py --slot inv-evening --date (Get-Date -Format yyyy-MM-dd); $rc = $LASTEXITCODE; if ($rc -eq 0) { powershell -NoProfile -ExecutionPolicy Bypass -File E:\workSpace\scripts\notify\resend_pending_discord.ps1 -Limit 5; if ($LASTEXITCODE -ne 0) { $rc = $LASTEXITCODE }; powershell -NoProfile -ExecutionPolicy Bypass -File E:\workSpace\scripts\notify\post_signal_discord.ps1; if ($LASTEXITCODE -ne 0) { $rc = $LASTEXITCODE }; powershell -NoProfile -ExecutionPolicy Bypass -File E:\workSpace\scripts\notify\post_paper_stats_discord.ps1; if ($LASTEXITCODE -ne 0) { $rc = $LASTEXITCODE }; powershell -NoProfile -ExecutionPolicy Bypass -File E:\workSpace\scripts\notify\post_signal_quality_alert.ps1; if ($LASTEXITCODE -ne 0) { $rc = $LASTEXITCODE } }; $rc
[2026-05-24 21:16:24] [AIOS-Inv-Evening] [OK] exit_code=0
[2026-05-24 21:16:24] [AIOS-Inv-Evening] [END] elapsed_ms=382196
[2026-05-24 21:17:25] [AIOS-Scenario-Replies-Sync] [START] begin cmd=Set-Location E:\workSpace; py scripts/notify/sync_scenario_replies_bot.py --limit 100; $LASTEXITCODE
[2026-05-24 21:17:26] [AIOS-Scenario-Replies-Sync] [OK] exit_code=0
[2026-05-24 21:17:26] [AIOS-Scenario-Replies-Sync] [END] elapsed_ms=693
[2026-05-24 21:17:46] [AIOS-Alert-Healthcheck] [START] begin cmd=powershell -NoProfile -ExecutionPolicy Bypass -File E:\workSpace\scripts\ops\run_alert_healthcheck.ps1; $rc = $LASTEXITCODE; if ($rc -eq 0) { powershell -NoProfile -ExecutionPolicy Bypass -File E:\workSpace\scripts\notify\post_alert_discord.ps1; $rc = $LASTEXITCODE }; $rc
[2026-05-24 21:17:48] [AIOS-Alert-Healthcheck] [OK] exit_code=0
[2026-05-24 21:17:48] [AIOS-Alert-Healthcheck] [END] elapsed_ms=1764
[2026-05-24 21:20:02] [AIOS-Alert-Healthcheck] [START] begin cmd=powershell -NoProfile -ExecutionPolicy Bypass -File E:\workSpace\scripts\ops\run_alert_healthcheck.ps1; $rc = $LASTEXITCODE; if ($rc -eq 0) { powershell -NoProfile -ExecutionPolicy Bypass -File E:\workSpace\scripts\notify\post_alert_discord.ps1; $rc = $LASTEXITCODE }; $rc
[2026-05-24 21:20:05] [AIOS-Alert-Healthcheck] [OK] exit_code=0
[2026-05-24 21:20:05] [AIOS-Alert-Healthcheck] [END] elapsed_ms=2728
[2026-05-24 21:48:35] [AIOS-Tasks-Channel-Sync] [START] begin cmd=Set-Location E:\workSpace; py scripts/notify/sync_tasks_channel_bot.py --limit 50; $LASTEXITCODE
[2026-05-24 21:52:10] [AIOS-Data-Harvest-Weekly-Samples365] [START] begin cmd=Set-Location E:\workSpace; py scripts/investment/collect/run_harvest_backfill.py --end-date 2026-05-23 --days 365; $LASTEXITCODE
[2026-05-24 21:57:46] [AIOS-Smoke-Test] [START] begin cmd=Set-Location "E:\workSpace"; py -3 -c "print(\"smoke\")"; $LASTEXITCODE
[2026-05-24 21:57:46] [AIOS-Smoke-Test] [ERROR] exit_code=101
[2026-05-24 21:57:46] [AIOS-Smoke-Test] [END] elapsed_ms=72
[2026-05-24 21:57:53] [AIOS-Smoke-Test] [START] begin cmd=Set-Location "E:\workSpace"; Get-Date | Out-Null; exit 0
[2026-05-24 21:57:53] [AIOS-Smoke-Test] [END] elapsed_ms=25
[2026-05-24 22:15:16] [AIOS-Data-Harvest-Weekly-Samples365] [ERROR] exit_code=1
[2026-05-24 22:15:16] [AIOS-Data-Harvest-Weekly-Samples365] [END] elapsed_ms=62777786
[2026-05-24 22:19:52] [AIOS-Data-Harvest-Weekly-Samples365] [ERROR] exit_code=1
[2026-05-24 22:19:52] [AIOS-Data-Harvest-Weekly-Samples365] [END] elapsed_ms=1662063
[2026-05-24 22:19:54] [AIOS-Tasks-Channel-Sync] [OK] exit_code=0
[2026-05-24 22:19:54] [AIOS-Tasks-Channel-Sync] [END] elapsed_ms=1878390
[2026-05-24 23:00:03] [AIOS-Tasks-Channel-Sync] [START] begin cmd=Set-Location E:\workSpace; py scripts/notify/sync_tasks_channel_bot.py --limit 50; $LASTEXITCODE
[2026-05-24 23:00:11] [AIOS-Tasks-Channel-Sync] [ERROR] exit_code=1
[2026-05-24 23:00:11] [AIOS-Tasks-Channel-Sync] [END] elapsed_ms=7545
[2026-05-24 23:19:35] [AIOS-Tasks-Channel-Sync] [START] begin cmd=Set-Location E:\workSpace; py scripts/notify/sync_tasks_channel_bot.py --limit 50; $LASTEXITCODE
[2026-05-24 23:19:41] [AIOS-Tasks-Channel-Sync] [ERROR] exit_code=1
[2026-05-24 23:19:41] [AIOS-Tasks-Channel-Sync] [END] elapsed_ms=6875
[2026-05-24 23:40:02] [AIOS-Data-Harvest] [START] begin cmd=Set-Location E:\workSpace; $d=(Get-Date -Format yyyy-MM-dd); py scripts/investment/collect/run_harvest_backfill.py --end-date $d --days 21 --discover-latest 120 --max-pages 120 --tdnet-max-items 800 --seed-list rough_backtest_full --max-signals 12 --max-long 6 --max-short 6; $LASTEXITCODE
[2026-05-25 00:00:06] [AIOS-Tasks-Channel-Sync] [START] begin cmd=Set-Location E:\workSpace; py scripts/notify/sync_tasks_channel_bot.py --limit 50; $LASTEXITCODE
[2026-05-25 00:00:12] [AIOS-Tasks-Channel-Sync] [ERROR] exit_code=1
[2026-05-25 00:00:12] [AIOS-Tasks-Channel-Sync] [END] elapsed_ms=6850
[2026-05-25 02:54:33] [AIOS-Data-Harvest] [OK] exit_code=0
[2026-05-25 02:54:34] [AIOS-Data-Harvest] [END] elapsed_ms=11670838
[2026-05-25 07:13:24] [AIOS-Tasks-Channel-Sync] [START] begin cmd=Set-Location E:\workSpace; py scripts/notify/sync_tasks_channel_bot.py --limit 50; $LASTEXITCODE
[2026-05-25 07:13:33] [AIOS-Tasks-Channel-Sync] [ERROR] exit_code=1
[2026-05-25 07:13:33] [AIOS-Tasks-Channel-Sync] [END] elapsed_ms=9022
[2026-05-25 07:30:02] [AIOS-Inv-Morning] [START] begin cmd=Set-Location E:\workSpace; py scripts/run_ops_scheduler.py --slot inv-morning --date (Get-Date -Format yyyy-MM-dd); $rc = $LASTEXITCODE; if ($rc -eq 0) { powershell -NoProfile -ExecutionPolicy Bypass -File E:\workSpace\scripts\notify\resend_pending_discord.ps1 -Limit 5; if ($LASTEXITCODE -ne 0) { $rc = $LASTEXITCODE }; powershell -NoProfile -ExecutionPolicy Bypass -File E:\workSpace\scripts\notify\post_signal_discord.ps1; if ($LASTEXITCODE -ne 0) { $rc = $LASTEXITCODE }; powershell -NoProfile -ExecutionPolicy Bypass -File E:\workSpace\scripts\notify\post_signal_quality_alert.ps1; if ($LASTEXITCODE -ne 0) { $rc = $LASTEXITCODE } }; $rc
[2026-05-25 07:33:26] [AIOS-Inv-Morning] [ERROR] exit_code=1
[2026-05-25 07:33:26] [AIOS-Inv-Morning] [END] elapsed_ms=203892
[2026-05-25 08:00:04] [AIOS-Tasks-Channel-Sync] [START] begin cmd=Set-Location E:\workSpace; py scripts/notify/sync_tasks_channel_bot.py --limit 50; $LASTEXITCODE
[2026-05-25 08:00:12] [AIOS-Tasks-Channel-Sync] [ERROR] exit_code=1
[2026-05-25 08:00:12] [AIOS-Tasks-Channel-Sync] [END] elapsed_ms=7110
[2026-05-25 08:10:01] [AIOS-Inv-Scenario-0810] [START] begin cmd=Set-Location E:\workSpace; py scripts/run_ops_scheduler.py --slot inv-scenario --date (Get-Date -Format yyyy-MM-dd); $rc = $LASTEXITCODE; if ($rc -eq 0) { powershell -NoProfile -ExecutionPolicy Bypass -File E:\workSpace\scripts\notify\resend_pending_discord.ps1 -Limit 5; if ($LASTEXITCODE -ne 0) { $rc = $LASTEXITCODE }; powershell -NoProfile -ExecutionPolicy Bypass -File E:\workSpace\scripts\notify\post_scenario_discord.ps1; if ($LASTEXITCODE -ne 0) { $rc = $LASTEXITCODE } }; $rc
[2026-05-25 08:10:13] [AIOS-Inv-Scenario-0810] [OK] exit_code=0
[2026-05-25 08:10:13] [AIOS-Inv-Scenario-0810] [END] elapsed_ms=12402
[2026-05-25 09:00:03] [AIOS-Scenario-Replies-Sync] [START] begin cmd=$repo=E:\workSpace; Set-Location $repo; $python=C:\msys64\usr\bin\python.exe; if (-not (Test-Path $python)) { $python = Join-Path $repo .venv\Scripts\python.exe }; & $python -X utf8 scripts/notify/sync_scenario_replies_bot.py --limit 100; $LASTEXITCODE
[2026-05-25 09:00:03] [AIOS-Scenario-Replies-Sync] [EXCEPTION] 用語 'E:\workSpace' は、コマンドレット、関数、スクリプト ファイル、または操作可能なプログラムの名前として認識されません。名前が正しく記述されていることを確認し、パスが含まれている場合はそのパスが正しいことを確認してから、再試行してください。
[2026-05-25 09:00:03] [AIOS-Scenario-Replies-Sync] [END] elapsed_ms=45
[2026-05-25 09:00:11] [AIOS-Tasks-Channel-Sync] [ERROR] exit_code=1
[2026-05-25 09:00:11] [AIOS-Tasks-Channel-Sync] [END] elapsed_ms=7383
[2026-05-25 09:05:04] [AIOS-Scenario-Replies-Sync] [START] begin cmd=$repo=E:\workSpace; Set-Location $repo; $python=C:\msys64\usr\bin\python.exe; if (-not (Test-Path $python)) { $python = Join-Path $repo .venv\Scripts\python.exe }; & $python -X utf8 scripts/notify/sync_scenario_replies_bot.py --limit 100; $LASTEXITCODE
[2026-05-25 09:05:04] [AIOS-Scenario-Replies-Sync] [EXCEPTION] 用語 'E:\workSpace' は、コマンドレット、関数、スクリプト ファイル、または操作可能なプログラムの名前として認識されません。名前が正しく記述されていることを確認し、パスが含まれている場合はそのパスが正しいことを確認してから、再試行してください。
[2026-05-25 09:05:04] [AIOS-Scenario-Replies-Sync] [END] elapsed_ms=51
[2026-05-25 09:10:03] [AIOS-Scenario-Replies-Sync] [START] begin cmd=$repo=E:\workSpace; Set-Location $repo; $python=C:\msys64\usr\bin\python.exe; if (-not (Test-Path $python)) { $python = Join-Path $repo .venv\Scripts\python.exe }; & $python -X utf8 scripts/notify/sync_scenario_replies_bot.py --limit 100; $LASTEXITCODE
[2026-05-25 09:10:03] [AIOS-Scenario-Replies-Sync] [EXCEPTION] 用語 'E:\workSpace' は、コマンドレット、関数、スクリプト ファイル、または操作可能なプログラムの名前として認識されません。名前が正しく記述されていることを確認し、パスが含まれている場合はそのパスが正しいことを確認してから、再試行してください。
[2026-05-25 09:10:03] [AIOS-Scenario-Replies-Sync] [END] elapsed_ms=62
[2026-05-25 09:15:03] [AIOS-Scenario-Replies-Sync] [START] begin cmd=$repo=E:\workSpace; Set-Location $repo; $python=C:\msys64\usr\bin\python.exe; if (-not (Test-Path $python)) { $python = Join-Path $repo .venv\Scripts\python.exe }; & $python -X utf8 scripts/notify/sync_scenario_replies_bot.py --limit 100; $LASTEXITCODE
[2026-05-25 09:15:03] [AIOS-Scenario-Replies-Sync] [EXCEPTION] 用語 'E:\workSpace' は、コマンドレット、関数、スクリプト ファイル、または操作可能なプログラムの名前として認識されません。名前が正しく記述されていることを確認し、パスが含まれている場合はそのパスが正しいことを確認してから、再試行してください。
[2026-05-25 09:15:03] [AIOS-Scenario-Replies-Sync] [END] elapsed_ms=68
[2026-05-25 09:20:04] [AIOS-Scenario-Replies-Sync] [START] begin cmd=$repo=E:\workSpace; Set-Location $repo; $python=C:\msys64\usr\bin\python.exe; if (-not (Test-Path $python)) { $python = Join-Path $repo .venv\Scripts\python.exe }; & $python -X utf8 scripts/notify/sync_scenario_replies_bot.py --limit 100; $LASTEXITCODE
[2026-05-25 09:20:04] [AIOS-Scenario-Replies-Sync] [EXCEPTION] 用語 'E:\workSpace' は、コマンドレット、関数、スクリプト ファイル、または操作可能なプログラムの名前として認識されません。名前が正しく記述されていることを確認し、パスが含まれている場合はそのパスが正しいことを確認してから、再試行してください。
[2026-05-25 09:20:04] [AIOS-Scenario-Replies-Sync] [END] elapsed_ms=70
[2026-05-25 09:25:03] [AIOS-Scenario-Replies-Sync] [START] begin cmd=$repo=E:\workSpace; Set-Location $repo; $python=C:\msys64\usr\bin\python.exe; if (-not (Test-Path $python)) { $python = Join-Path $repo .venv\Scripts\python.exe }; & $python -X utf8 scripts/notify/sync_scenario_replies_bot.py --limit 100; $LASTEXITCODE
[2026-05-25 09:25:03] [AIOS-Scenario-Replies-Sync] [EXCEPTION] 用語 'E:\workSpace' は、コマンドレット、関数、スクリプト ファイル、または操作可能なプログラムの名前として認識されません。名前が正しく記述されていることを確認し、パスが含まれている場合はそのパスが正しいことを確認してから、再試行してください。
[2026-05-25 09:25:03] [AIOS-Scenario-Replies-Sync] [END] elapsed_ms=54
[2026-05-25 09:30:03] [AIOS-Scenario-Replies-Sync] [START] begin cmd=$repo=E:\workSpace; Set-Location $repo; $python=C:\msys64\usr\bin\python.exe; if (-not (Test-Path $python)) { $python = Join-Path $repo .venv\Scripts\python.exe }; & $python -X utf8 scripts/notify/sync_scenario_replies_bot.py --limit 100; $LASTEXITCODE
[2026-05-25 09:30:03] [AIOS-Scenario-Replies-Sync] [EXCEPTION] 用語 'E:\workSpace' は、コマンドレット、関数、スクリプト ファイル、または操作可能なプログラムの名前として認識されません。名前が正しく記述されていることを確認し、パスが含まれている場合はそのパスが正しいことを確認してから、再試行してください。
[2026-05-25 09:30:03] [AIOS-Scenario-Replies-Sync] [END] elapsed_ms=54
[2026-05-25 09:35:04] [AIOS-Scenario-Replies-Sync] [START] begin cmd=$repo=E:\workSpace; Set-Location $repo; $python=C:\msys64\usr\bin\python.exe; if (-not (Test-Path $python)) { $python = Join-Path $repo .venv\Scripts\python.exe }; & $python -X utf8 scripts/notify/sync_scenario_replies_bot.py --limit 100; $LASTEXITCODE
[2026-05-25 09:35:04] [AIOS-Scenario-Replies-Sync] [EXCEPTION] 用語 'E:\workSpace' は、コマンドレット、関数、スクリプト ファイル、または操作可能なプログラムの名前として認識されません。名前が正しく記述されていることを確認し、パスが含まれている場合はそのパスが正しいことを確認してから、再試行してください。
[2026-05-25 09:35:04] [AIOS-Scenario-Replies-Sync] [END] elapsed_ms=53
[2026-05-25 09:40:03] [AIOS-Scenario-Replies-Sync] [START] begin cmd=$repo=E:\workSpace; Set-Location $repo; $python=C:\msys64\usr\bin\python.exe; if (-not (Test-Path $python)) { $python = Join-Path $repo .venv\Scripts\python.exe }; & $python -X utf8 scripts/notify/sync_scenario_replies_bot.py --limit 100; $LASTEXITCODE
[2026-05-25 09:40:03] [AIOS-Scenario-Replies-Sync] [EXCEPTION] 用語 'E:\workSpace' は、コマンドレット、関数、スクリプト ファイル、または操作可能なプログラムの名前として認識されません。名前が正しく記述されていることを確認し、パスが含まれている場合はそのパスが正しいことを確認してから、再試行してください。
[2026-05-25 09:40:03] [AIOS-Scenario-Replies-Sync] [END] elapsed_ms=25
[2026-05-25 09:45:03] [AIOS-Scenario-Replies-Sync] [START] begin cmd=$repo=E:\workSpace; Set-Location $repo; $python=C:\msys64\usr\bin\python.exe; if (-not (Test-Path $python)) { $python = Join-Path $repo .venv\Scripts\python.exe }; & $python -X utf8 scripts/notify/sync_scenario_replies_bot.py --limit 100; $LASTEXITCODE
[2026-05-25 09:45:03] [AIOS-Scenario-Replies-Sync] [EXCEPTION] 用語 'E:\workSpace' は、コマンドレット、関数、スクリプト ファイル、または操作可能なプログラムの名前として認識されません。名前が正しく記述されていることを確認し、パスが含まれている場合はそのパスが正しいことを確認してから、再試行してください。
[2026-05-25 09:45:03] [AIOS-Scenario-Replies-Sync] [END] elapsed_ms=27
[2026-05-25 09:50:03] [AIOS-Scenario-Replies-Sync] [START] begin cmd=$repo=E:\workSpace; Set-Location $repo; $python=C:\msys64\usr\bin\python.exe; if (-not (Test-Path $python)) { $python = Join-Path $repo .venv\Scripts\python.exe }; & $python -X utf8 scripts/notify/sync_scenario_replies_bot.py --limit 100; $LASTEXITCODE
[2026-05-25 09:50:03] [AIOS-Scenario-Replies-Sync] [EXCEPTION] 用語 'E:\workSpace' は、コマンドレット、関数、スクリプト ファイル、または操作可能なプログラムの名前として認識されません。名前が正しく記述されていることを確認し、パスが含まれている場合はそのパスが正しいことを確認してから、再試行してください。
[2026-05-25 09:50:03] [AIOS-Scenario-Replies-Sync] [END] elapsed_ms=32
[2026-05-25 09:55:03] [AIOS-Scenario-Replies-Sync] [START] begin cmd=$repo=E:\workSpace; Set-Location $repo; $python=C:\msys64\usr\bin\python.exe; if (-not (Test-Path $python)) { $python = Join-Path $repo .venv\Scripts\python.exe }; & $python -X utf8 scripts/notify/sync_scenario_replies_bot.py --limit 100; $LASTEXITCODE
[2026-05-25 09:55:03] [AIOS-Scenario-Replies-Sync] [EXCEPTION] 用語 'E:\workSpace' は、コマンドレット、関数、スクリプト ファイル、または操作可能なプログラムの名前として認識されません。名前が正しく記述されていることを確認し、パスが含まれている場合はそのパスが正しいことを確認してから、再試行してください。
[2026-05-25 09:55:03] [AIOS-Scenario-Replies-Sync] [END] elapsed_ms=29
[2026-05-25 10:00:03] [AIOS-Tasks-Channel-Sync] [START] begin cmd=Set-Location E:\workSpace; py scripts/notify/sync_tasks_channel_bot.py --limit 50; $LASTEXITCODE
[2026-05-25 10:00:03] [AIOS-Scenario-Replies-Sync] [EXCEPTION] 用語 'E:\workSpace' は、コマンドレット、関数、スクリプト ファイル、または操作可能なプログラムの名前として認識されません。名前が正しく記述されていることを確認し、パスが含まれている場合はそのパスが正しいことを確認してから、再試行してください。
[2026-05-25 10:00:03] [AIOS-Scenario-Replies-Sync] [END] elapsed_ms=33
[2026-05-25 10:00:10] [AIOS-Tasks-Channel-Sync] [ERROR] exit_code=1
[2026-05-25 10:00:10] [AIOS-Tasks-Channel-Sync] [END] elapsed_ms=6858
[2026-05-26 00:47:00] [AIOS-Data-Harvest] [START] begin cmd=Set-Location E:\workSpace; $d=(Get-Date -Format yyyy-MM-dd); py scripts/investment/collect/run_harvest_backfill.py --end-date $d --days 21 --discover-latest 120 --max-pages 120 --tdnet-max-items 800 --seed-list rough_backtest_full --max-signals 12 --max-long 6 --max-short 6; $LASTEXITCODE
[2026-05-26 00:47:01] [AIOS-Scenario-Replies-Sync] [EXCEPTION] 用語 'E:\workSpace' は、コマンドレット、関数、スクリプト ファイル、または操作可能なプログラムの名前として認識されません。名前が正しく記述されていることを確認し、パスが含まれている場合はそのパスが正しいことを確認してから、再試行してください。
[2026-05-26 00:47:01] [AIOS-Scenario-Replies-Sync] [END] elapsed_ms=173
[2026-05-26 00:47:09] [AIOS-Tasks-Channel-Sync] [ERROR] exit_code=1
[2026-05-26 00:47:09] [AIOS-Tasks-Channel-Sync] [END] elapsed_ms=8680
[2026-05-26 00:47:13] [AIOS-Alert-Healthcheck] [OK] exit_code=0
[2026-05-26 00:47:13] [AIOS-Alert-Healthcheck] [END] elapsed_ms=12202
[2026-05-26 00:47:20] [AIOS-Inv-Noon] [ERROR] exit_code=1
[2026-05-26 00:47:20] [AIOS-Inv-Noon] [END] elapsed_ms=19735
[2026-05-26 00:50:57] [AIOS-Night] [OK] exit_code=0
[2026-05-26 00:50:58] [AIOS-Night] [END] elapsed_ms=237005
[2026-05-26 00:51:12] [AIOS-Scenario-Replies-Sync] [START] begin cmd=$repo=E:\workSpace; Set-Location $repo; $python=C:\msys64\usr\bin\python.exe; if (-not (Test-Path $python)) { $python = Join-Path $repo .venv\Scripts\python.exe }; & $python -X utf8 scripts/notify/sync_scenario_replies_bot.py --limit 100; $LASTEXITCODE
[2026-05-26 00:51:12] [AIOS-Scenario-Replies-Sync] [EXCEPTION] 用語 'E:\workSpace' は、コマンドレット、関数、スクリプト ファイル、または操作可能なプログラムの名前として認識されません。名前が正しく記述されていることを確認し、パスが含まれている場合はそのパスが正しいことを確認してから、再試行してください。
[2026-05-26 00:51:12] [AIOS-Scenario-Replies-Sync] [END] elapsed_ms=41
[2026-05-26 00:53:28] [AIOS-Inv-Evening] [ERROR] exit_code=1
[2026-05-26 00:53:28] [AIOS-Inv-Evening] [END] elapsed_ms=387599
[2026-05-26 00:56:13] [AIOS-Scenario-Replies-Sync] [START] begin cmd=$repo=E:\workSpace; Set-Location $repo; $python=C:\msys64\usr\bin\python.exe; if (-not (Test-Path $python)) { $python = Join-Path $repo .venv\Scripts\python.exe }; & $python -X utf8 scripts/notify/sync_scenario_replies_bot.py --limit 100; $LASTEXITCODE
[2026-05-26 00:56:13] [AIOS-Scenario-Replies-Sync] [EXCEPTION] 用語 'E:\workSpace' は、コマンドレット、関数、スクリプト ファイル、または操作可能なプログラムの名前として認識されません。名前が正しく記述されていることを確認し、パスが含まれている場合はそのパスが正しいことを確認してから、再試行してください。
[2026-05-26 00:56:13] [AIOS-Scenario-Replies-Sync] [END] elapsed_ms=27
[2026-05-26 01:00:03] [AIOS-Tasks-Channel-Sync] [START] begin cmd=Set-Location E:\workSpace; py scripts/notify/sync_tasks_channel_bot.py --limit 50; $LASTEXITCODE
[2026-05-26 01:00:09] [AIOS-Tasks-Channel-Sync] [ERROR] exit_code=1
[2026-05-26 01:00:09] [AIOS-Tasks-Channel-Sync] [END] elapsed_ms=6632
[2026-05-26 01:01:12] [AIOS-Scenario-Replies-Sync] [START] begin cmd=$repo=E:\workSpace; Set-Location $repo; $python=C:\msys64\usr\bin\python.exe; if (-not (Test-Path $python)) { $python = Join-Path $repo .venv\Scripts\python.exe }; & $python -X utf8 scripts/notify/sync_scenario_replies_bot.py --limit 100; $LASTEXITCODE
[2026-05-26 01:01:12] [AIOS-Scenario-Replies-Sync] [EXCEPTION] 用語 'E:\workSpace' は、コマンドレット、関数、スクリプト ファイル、または操作可能なプログラムの名前として認識されません。名前が正しく記述されていることを確認し、パスが含まれている場合はそのパスが正しいことを確認してから、再試行してください。
[2026-05-26 01:01:12] [AIOS-Scenario-Replies-Sync] [END] elapsed_ms=30
[2026-05-26 01:06:13] [AIOS-Scenario-Replies-Sync] [START] begin cmd=$repo=E:\workSpace; Set-Location $repo; $python=C:\msys64\usr\bin\python.exe; if (-not (Test-Path $python)) { $python = Join-Path $repo .venv\Scripts\python.exe }; & $python -X utf8 scripts/notify/sync_scenario_replies_bot.py --limit 100; $LASTEXITCODE
[2026-05-26 01:06:13] [AIOS-Scenario-Replies-Sync] [EXCEPTION] 用語 'E:\workSpace' は、コマンドレット、関数、スクリプト ファイル、または操作可能なプログラムの名前として認識されません。名前が正しく記述されていることを確認し、パスが含まれている場合はそのパスが正しいことを確認してから、再試行してください。
[2026-05-26 01:06:13] [AIOS-Scenario-Replies-Sync] [END] elapsed_ms=28
[2026-05-26 01:11:12] [AIOS-Scenario-Replies-Sync] [START] begin cmd=$repo=E:\workSpace; Set-Location $repo; $python=C:\msys64\usr\bin\python.exe; if (-not (Test-Path $python)) { $python = Join-Path $repo .venv\Scripts\python.exe }; & $python -X utf8 scripts/notify/sync_scenario_replies_bot.py --limit 100; $LASTEXITCODE
[2026-05-26 01:11:13] [AIOS-Scenario-Replies-Sync] [EXCEPTION] 用語 'E:\workSpace' は、コマンドレット、関数、スクリプト ファイル、または操作可能なプログラムの名前として認識されません。名前が正しく記述されていることを確認し、パスが含まれている場合はそのパスが正しいことを確認してから、再試行してください。
[2026-05-26 01:11:13] [AIOS-Scenario-Replies-Sync] [END] elapsed_ms=42
[2026-05-26 01:16:13] [AIOS-Scenario-Replies-Sync] [START] begin cmd=$repo=E:\workSpace; Set-Location $repo; $python=C:\msys64\usr\bin\python.exe; if (-not (Test-Path $python)) { $python = Join-Path $repo .venv\Scripts\python.exe }; & $python -X utf8 scripts/notify/sync_scenario_replies_bot.py --limit 100; $LASTEXITCODE
[2026-05-26 01:16:13] [AIOS-Scenario-Replies-Sync] [EXCEPTION] 用語 'E:\workSpace' は、コマンドレット、関数、スクリプト ファイル、または操作可能なプログラムの名前として認識されません。名前が正しく記述されていることを確認し、パスが含まれている場合はそのパスが正しいことを確認してから、再試行してください。
[2026-05-26 01:16:13] [AIOS-Scenario-Replies-Sync] [END] elapsed_ms=29
[2026-05-26 01:21:13] [AIOS-Scenario-Replies-Sync] [START] begin cmd=$repo=E:\workSpace; Set-Location $repo; $python=C:\msys64\usr\bin\python.exe; if (-not (Test-Path $python)) { $python = Join-Path $repo .venv\Scripts\python.exe }; & $python -X utf8 scripts/notify/sync_scenario_replies_bot.py --limit 100; $LASTEXITCODE
[2026-05-26 01:21:13] [AIOS-Scenario-Replies-Sync] [EXCEPTION] 用語 'E:\workSpace' は、コマンドレット、関数、スクリプト ファイル、または操作可能なプログラムの名前として認識されません。名前が正しく記述されていることを確認し、パスが含まれている場合はそのパスが正しいことを確認してから、再試行してください。
[2026-05-26 01:21:13] [AIOS-Scenario-Replies-Sync] [END] elapsed_ms=27
[2026-05-26 01:26:13] [AIOS-Scenario-Replies-Sync] [START] begin cmd=$repo=E:\workSpace; Set-Location $repo; $python=C:\msys64\usr\bin\python.exe; if (-not (Test-Path $python)) { $python = Join-Path $repo .venv\Scripts\python.exe }; & $python -X utf8 scripts/notify/sync_scenario_replies_bot.py --limit 100; $LASTEXITCODE
[2026-05-26 01:26:13] [AIOS-Scenario-Replies-Sync] [EXCEPTION] 用語 'E:\workSpace' は、コマンドレット、関数、スクリプト ファイル、または操作可能なプログラムの名前として認識されません。名前が正しく記述されていることを確認し、パスが含まれている場合はそのパスが正しいことを確認してから、再試行してください。
[2026-05-26 01:26:13] [AIOS-Scenario-Replies-Sync] [END] elapsed_ms=32
[2026-05-26 01:29:35] [AIOS-Tasks-Channel-Sync] [START] begin cmd=Set-Location E:\workSpace; py scripts/notify/sync_tasks_channel_bot.py --limit 50; $LASTEXITCODE
[2026-05-26 01:29:42] [AIOS-Tasks-Channel-Sync] [ERROR] exit_code=1
[2026-05-26 01:29:42] [AIOS-Tasks-Channel-Sync] [END] elapsed_ms=6781
[2026-05-26 01:31:20] [AIOS-Scenario-Replies-Sync] [START] begin cmd=$repo=E:\workSpace; Set-Location $repo; $python=C:\msys64\usr\bin\python.exe; if (-not (Test-Path $python)) { $python = Join-Path $repo .venv\Scripts\python.exe }; & $python -X utf8 scripts/notify/sync_scenario_replies_bot.py --limit 100; $LASTEXITCODE
[2026-05-26 01:31:20] [AIOS-Scenario-Replies-Sync] [EXCEPTION] 用語 'E:\workSpace' は、コマンドレット、関数、スクリプト ファイル、または操作可能なプログラムの名前として認識されません。名前が正しく記述されていることを確認し、パスが含まれている場合はそのパスが正しいことを確認してから、再試行してください。
[2026-05-26 01:31:20] [AIOS-Scenario-Replies-Sync] [END] elapsed_ms=249
[2026-05-26 01:36:13] [AIOS-Scenario-Replies-Sync] [START] begin cmd=$repo=E:\workSpace; Set-Location $repo; $python=C:\msys64\usr\bin\python.exe; if (-not (Test-Path $python)) { $python = Join-Path $repo .venv\Scripts\python.exe }; & $python -X utf8 scripts/notify/sync_scenario_replies_bot.py --limit 100; $LASTEXITCODE
[2026-05-26 01:36:13] [AIOS-Scenario-Replies-Sync] [EXCEPTION] 用語 'E:\workSpace' は、コマンドレット、関数、スクリプト ファイル、または操作可能なプログラムの名前として認識されません。名前が正しく記述されていることを確認し、パスが含まれている場合はそのパスが正しいことを確認してから、再試行してください。
[2026-05-26 01:36:13] [AIOS-Scenario-Replies-Sync] [END] elapsed_ms=61
[2026-05-26 01:41:16] [AIOS-Scenario-Replies-Sync] [START] begin file=E:\workSpace\scripts\ops\do_sync_scenario_replies.ps1
[2026-05-26 01:41:23] [AIOS-Scenario-Replies-Sync] [OK] exit_code=0
[2026-05-26 01:41:23] [AIOS-Scenario-Replies-Sync] [END] elapsed_ms=7199
[2026-05-26 01:46:13] [AIOS-Scenario-Replies-Sync] [START] begin file=E:\workSpace\scripts\ops\do_sync_scenario_replies.ps1
[2026-05-26 01:46:20] [AIOS-Scenario-Replies-Sync] [OK] exit_code=0
[2026-05-26 01:46:20] [AIOS-Scenario-Replies-Sync] [END] elapsed_ms=6855
[2026-05-26 02:00:04] [AIOS-Tasks-Channel-Sync] [START] begin file=E:\workSpace\scripts\ops\do_sync_tasks_channel.ps1
[2026-05-26 02:04:10] [AIOS-Data-Harvest-Weekly-Samples365] [START] begin cmd=Set-Location E:\workSpace; py scripts/investment/collect/run_harvest_backfill.py --end-date 2026-05-25 --days 365; $LASTEXITCODE
[2026-05-26 02:34:12] [AIOS-Tasks-Channel-Sync] [OK] exit_code=0
[2026-05-26 02:34:12] [AIOS-Tasks-Channel-Sync] [END] elapsed_ms=2048306
[2026-05-26 02:57:23] [AIOS-Data-Harvest-Weekly-Samples365] [ERROR] exit_code=120
[2026-05-26 02:57:23] [AIOS-Data-Harvest-Weekly-Samples365] [END] elapsed_ms=3192757
[2026-05-26 03:00:03] [AIOS-Tasks-Channel-Sync] [START] begin file=E:\workSpace\scripts\ops\do_sync_tasks_channel.ps1
[2026-05-26 03:00:04] [AIOS-Tasks-Channel-Sync] [OK] exit_code=0
[2026-05-26 03:00:04] [AIOS-Tasks-Channel-Sync] [END] elapsed_ms=989
[2026-05-26 03:45:37] [AIOS-Data-Harvest] [OK] exit_code=0
[2026-05-26 03:45:37] [AIOS-Data-Harvest] [END] elapsed_ms=10716056
[2026-05-26 04:00:03] [AIOS-Tasks-Channel-Sync] [START] begin file=E:\workSpace\scripts\ops\do_sync_tasks_channel.ps1
[2026-05-26 04:00:04] [AIOS-Tasks-Channel-Sync] [OK] exit_code=0
[2026-05-26 04:00:04] [AIOS-Tasks-Channel-Sync] [END] elapsed_ms=891
[2026-05-26 05:00:04] [AIOS-Tasks-Channel-Sync] [START] begin file=E:\workSpace\scripts\ops\do_sync_tasks_channel.ps1
[2026-05-26 05:00:05] [AIOS-Tasks-Channel-Sync] [OK] exit_code=0
[2026-05-26 05:00:05] [AIOS-Tasks-Channel-Sync] [END] elapsed_ms=1462
[2026-05-26 06:00:03] [AIOS-Tasks-Channel-Sync] [START] begin file=E:\workSpace\scripts\ops\do_sync_tasks_channel.ps1
[2026-05-26 06:00:04] [AIOS-Tasks-Channel-Sync] [OK] exit_code=0
[2026-05-26 06:00:04] [AIOS-Tasks-Channel-Sync] [END] elapsed_ms=870
[2026-05-26 07:00:04] [AIOS-Tasks-Channel-Sync] [START] begin file=E:\workSpace\scripts\ops\do_sync_tasks_channel.ps1
[2026-05-26 07:00:06] [AIOS-Tasks-Channel-Sync] [OK] exit_code=0
[2026-05-26 07:00:06] [AIOS-Tasks-Channel-Sync] [END] elapsed_ms=1405
[2026-05-26 07:30:01] [AIOS-Inv-Morning] [START] begin cmd=Set-Location E:\workSpace; py scripts/run_ops_scheduler.py --slot inv-morning --date (Get-Date -Format yyyy-MM-dd); $rc = $LASTEXITCODE; if ($rc -eq 0) { powershell -NoProfile -ExecutionPolicy Bypass -File E:\workSpace\scripts\notify\resend_pending_discord.ps1 -Limit 5; if ($LASTEXITCODE -ne 0) { $rc = $LASTEXITCODE }; powershell -NoProfile -ExecutionPolicy Bypass -File E:\workSpace\scripts\notify\post_signal_discord.ps1; if ($LASTEXITCODE -ne 0) { $rc = $LASTEXITCODE }; powershell -NoProfile -ExecutionPolicy Bypass -File E:\workSpace\scripts\notify\post_signal_quality_alert.ps1; if ($LASTEXITCODE -ne 0) { $rc = $LASTEXITCODE } }; $rc
[2026-05-26 07:33:22] [AIOS-Inv-Morning] [ERROR] exit_code=1
[2026-05-26 07:33:22] [AIOS-Inv-Morning] [END] elapsed_ms=200924
[2026-05-26 07:46:42] [AIOS-Tasks-Channel-Sync] [START] begin file=E:\workSpace\scripts\ops\do_sync_tasks_channel.ps1
[2026-05-26 07:46:43] [AIOS-Tasks-Channel-Sync] [OK] exit_code=0
[2026-05-26 07:46:43] [AIOS-Tasks-Channel-Sync] [END] elapsed_ms=930
[2026-05-26 07:46:53] [AIOS-Scenario-Replies-Sync] [START] begin file=E:\workSpace\scripts\ops\do_sync_scenario_replies.ps1
[2026-05-26 07:47:00] [AIOS-Scenario-Replies-Sync] [OK] exit_code=0
[2026-05-26 07:47:00] [AIOS-Scenario-Replies-Sync] [END] elapsed_ms=6330
[2026-05-26 07:47:35] [AIOS-Tasks-Channel-Sync] [START] begin file=E:\workSpace\scripts\ops\do_sync_tasks_channel.ps1
[2026-05-26 07:47:36] [AIOS-Tasks-Channel-Sync] [OK] exit_code=0
[2026-05-26 07:47:36] [AIOS-Tasks-Channel-Sync] [END] elapsed_ms=776
[2026-05-26 08:00:03] [AIOS-Tasks-Channel-Sync] [START] begin file=E:\workSpace\scripts\ops\do_sync_tasks_channel.ps1
[2026-05-26 08:00:04] [AIOS-Tasks-Channel-Sync] [OK] exit_code=0
[2026-05-26 08:00:04] [AIOS-Tasks-Channel-Sync] [END] elapsed_ms=699
[2026-05-26 08:10:01] [AIOS-Inv-Scenario-0810] [START] begin file=E:\workSpace\scripts\ops\do_inv_scenario_and_post.ps1
[2026-05-26 08:10:06] [AIOS-Inv-Scenario-0810] [ERROR] exit_code=1
[2026-05-26 08:10:06] [AIOS-Inv-Scenario-0810] [END] elapsed_ms=4386
[2026-05-26 09:37:34] [AIOS-Tasks-Channel-Sync] [START] begin file=E:\workSpace\scripts\ops\do_sync_tasks_channel.ps1
[2026-05-26 09:37:35] [AIOS-Tasks-Channel-Sync] [OK] exit_code=0
[2026-05-26 09:37:35] [AIOS-Tasks-Channel-Sync] [END] elapsed_ms=1518
[2026-05-26 09:37:41] [AIOS-Scenario-Replies-Sync] [OK] exit_code=0
[2026-05-26 09:37:41] [AIOS-Scenario-Replies-Sync] [END] elapsed_ms=6567
[2026-05-26 09:40:02] [AIOS-Scenario-Replies-Sync] [START] begin file=E:\workSpace\scripts\ops\do_sync_scenario_replies.ps1
[2026-05-26 09:40:09] [AIOS-Scenario-Replies-Sync] [OK] exit_code=0
[2026-05-26 09:40:09] [AIOS-Scenario-Replies-Sync] [END] elapsed_ms=6697
[2026-05-26 09:45:02] [AIOS-Scenario-Replies-Sync] [START] begin file=E:\workSpace\scripts\ops\do_sync_scenario_replies.ps1
[2026-05-26 09:45:08] [AIOS-Scenario-Replies-Sync] [OK] exit_code=0
[2026-05-26 09:45:08] [AIOS-Scenario-Replies-Sync] [END] elapsed_ms=6117
[2026-05-26 09:50:02] [AIOS-Scenario-Replies-Sync] [START] begin file=E:\workSpace\scripts\ops\do_sync_scenario_replies.ps1
[2026-05-26 09:50:08] [AIOS-Scenario-Replies-Sync] [OK] exit_code=0
[2026-05-26 09:50:08] [AIOS-Scenario-Replies-Sync] [END] elapsed_ms=6427
[2026-05-26 09:55:02] [AIOS-Scenario-Replies-Sync] [START] begin file=E:\workSpace\scripts\ops\do_sync_scenario_replies.ps1
[2026-05-26 09:55:09] [AIOS-Scenario-Replies-Sync] [OK] exit_code=0
[2026-05-26 09:55:09] [AIOS-Scenario-Replies-Sync] [END] elapsed_ms=6024
[2026-05-26 10:00:02] [AIOS-Tasks-Channel-Sync] [START] begin file=E:\workSpace\scripts\ops\do_sync_tasks_channel.ps1
[2026-05-26 10:00:03] [AIOS-Tasks-Channel-Sync] [OK] exit_code=0
[2026-05-26 10:00:03] [AIOS-Tasks-Channel-Sync] [END] elapsed_ms=826
[2026-05-26 10:00:09] [AIOS-Scenario-Replies-Sync] [OK] exit_code=0
[2026-05-26 10:00:09] [AIOS-Scenario-Replies-Sync] [END] elapsed_ms=6790
[2026-05-26 10:05:02] [AIOS-Scenario-Replies-Sync] [START] begin file=E:\workSpace\scripts\ops\do_sync_scenario_replies.ps1
[2026-05-26 10:05:08] [AIOS-Scenario-Replies-Sync] [OK] exit_code=0
[2026-05-26 10:05:08] [AIOS-Scenario-Replies-Sync] [END] elapsed_ms=6201
[2026-05-26 19:15:35] [AIOS-Inv-Noon] [START] begin file=E:\workSpace\scripts\ops\do_inv_noon_and_post.ps1
[2026-05-26 19:15:44] [AIOS-Tasks-Channel-Sync] [OK] exit_code=0
[2026-05-26 19:15:44] [AIOS-Tasks-Channel-Sync] [END] elapsed_ms=8474
[2026-05-26 19:15:50] [AIOS-Scenario-Replies-Sync] [OK] exit_code=0
[2026-05-26 19:15:50] [AIOS-Scenario-Replies-Sync] [END] elapsed_ms=14343
[2026-05-26 19:15:51] [AIOS-Scenario-Replies-Sync] [OK] exit_code=0
[2026-05-26 19:15:51] [AIOS-Scenario-Replies-Sync] [END] elapsed_ms=15290
[2026-05-26 19:16:02] [AIOS-Inv-Noon] [ERROR] exit_code=1
[2026-05-26 19:16:02] [AIOS-Inv-Noon] [END] elapsed_ms=27327
[2026-05-26 19:20:03] [AIOS-Scenario-Replies-Sync] [START] begin file=E:\workSpace\scripts\ops\do_sync_scenario_replies.ps1
[2026-05-26 19:20:09] [AIOS-Scenario-Replies-Sync] [WARN] previous run may be incomplete (last START has no END)
[2026-05-26 19:20:09] [AIOS-Scenario-Replies-Sync] [START] begin file=E:\workSpace\scripts\ops\do_sync_scenario_replies.ps1
[2026-05-26 19:20:10] [AIOS-Scenario-Replies-Sync] [OK] exit_code=0
[2026-05-26 19:20:10] [AIOS-Scenario-Replies-Sync] [END] elapsed_ms=6581
[2026-05-26 19:20:16] [AIOS-Scenario-Replies-Sync] [OK] exit_code=0
[2026-05-26 19:20:16] [AIOS-Scenario-Replies-Sync] [END] elapsed_ms=6885
[2026-05-26 19:25:02] [AIOS-Scenario-Replies-Sync] [START] begin file=E:\workSpace\scripts\ops\do_sync_scenario_replies.ps1
[2026-05-26 19:25:09] [AIOS-Scenario-Replies-Sync] [OK] exit_code=0
[2026-05-26 19:25:09] [AIOS-Scenario-Replies-Sync] [END] elapsed_ms=6419
[2026-05-26 19:25:09] [AIOS-Scenario-Replies-Sync] [START] begin file=E:\workSpace\scripts\ops\do_sync_scenario_replies.ps1
[2026-05-26 19:25:16] [AIOS-Scenario-Replies-Sync] [OK] exit_code=0
[2026-05-26 19:25:16] [AIOS-Scenario-Replies-Sync] [END] elapsed_ms=6549
[2026-05-26 19:30:03] [AIOS-Scenario-Replies-Sync] [START] begin file=E:\workSpace\scripts\ops\do_sync_scenario_replies.ps1
[2026-05-26 19:30:09] [AIOS-Scenario-Replies-Sync] [WARN] previous run may be incomplete (last START has no END)
[2026-05-26 19:30:09] [AIOS-Scenario-Replies-Sync] [START] begin file=E:\workSpace\scripts\ops\do_sync_scenario_replies.ps1
[2026-05-26 19:30:10] [AIOS-Scenario-Replies-Sync] [OK] exit_code=0
[2026-05-26 19:30:10] [AIOS-Scenario-Replies-Sync] [END] elapsed_ms=7381
[2026-05-26 19:30:16] [AIOS-Scenario-Replies-Sync] [OK] exit_code=0
[2026-05-26 19:30:16] [AIOS-Scenario-Replies-Sync] [END] elapsed_ms=6833
[2026-05-26 19:35:02] [AIOS-Scenario-Replies-Sync] [START] begin file=E:\workSpace\scripts\ops\do_sync_scenario_replies.ps1
[2026-05-26 19:35:09] [AIOS-Scenario-Replies-Sync] [WARN] previous run may be incomplete (last START has no END)
[2026-05-26 19:35:09] [AIOS-Scenario-Replies-Sync] [START] begin file=E:\workSpace\scripts\ops\do_sync_scenario_replies.ps1
[2026-05-26 19:35:09] [AIOS-Scenario-Replies-Sync] [OK] exit_code=0
[2026-05-26 19:35:09] [AIOS-Scenario-Replies-Sync] [END] elapsed_ms=6791
[2026-05-26 19:35:17] [AIOS-Scenario-Replies-Sync] [OK] exit_code=0
[2026-05-26 19:35:17] [AIOS-Scenario-Replies-Sync] [END] elapsed_ms=8130
[2026-05-26 19:40:11] [AIOS-Scenario-Replies-Sync] [START] begin file=E:\workSpace\scripts\ops\do_sync_scenario_replies.ps1
[2026-05-26 19:40:18] [AIOS-Scenario-Replies-Sync] [OK] exit_code=0
[2026-05-26 19:40:19] [AIOS-Scenario-Replies-Sync] [OK] foreground restored: YourChronicle
[2026-05-26 19:40:19] [AIOS-Scenario-Replies-Sync] [END] elapsed_ms=7735
[2026-05-26 19:41:59] [AIOS-Scenario-Replies-Sync] [START] begin file=E:\workSpace\scripts\ops\do_sync_scenario_replies.ps1
[2026-05-26 19:42:01] [AIOS-Tasks-Channel-Sync] [OK] exit_code=0
[2026-05-26 19:42:02] [AIOS-Tasks-Channel-Sync] [OK] foreground restored: YourChronicle
[2026-05-26 19:42:02] [AIOS-Tasks-Channel-Sync] [END] elapsed_ms=2257
[2026-05-26 19:42:06] [AIOS-Scenario-Replies-Sync] [OK] exit_code=0
[2026-05-26 19:42:07] [AIOS-Scenario-Replies-Sync] [OK] foreground restored: YourChronicle
[2026-05-26 19:42:07] [AIOS-Scenario-Replies-Sync] [END] elapsed_ms=7590
[2026-05-26 20:00:03] [AIOS-Tasks-Channel-Sync] [START] begin file=E:\workSpace\scripts\ops\do_sync_tasks_channel.ps1
[2026-05-26 20:00:04] [AIOS-Tasks-Channel-Sync] [OK] exit_code=0
[2026-05-26 20:00:05] [AIOS-Tasks-Channel-Sync] [OK] foreground restored: YourChronicle
[2026-05-26 20:00:05] [AIOS-Tasks-Channel-Sync] [END] elapsed_ms=2202
[2026-05-26 21:00:01] [AIOS-Night] [START] begin file=E:\workSpace\scripts\ops\do_night_and_post_generic.ps1
[2026-05-26 21:00:02] [AIOS-Tasks-Channel-Sync] [START] begin file=E:\workSpace\scripts\ops\do_sync_tasks_channel.ps1
[2026-05-26 21:00:03] [AIOS-Tasks-Channel-Sync] [OK] exit_code=0
[2026-05-26 21:00:04] [AIOS-Tasks-Channel-Sync] [OK] foreground restored: YourChronicle
[2026-05-26 21:00:04] [AIOS-Tasks-Channel-Sync] [END] elapsed_ms=1944
[2026-05-26 21:04:11] [AIOS-Night] [ERROR] exit_code=1
[2026-05-26 21:04:12] [AIOS-Night] [OK] foreground restored: YourChronicle
[2026-05-26 21:04:12] [AIOS-Night] [END] elapsed_ms=250626
[2026-05-26 21:10:01] [AIOS-Inv-Evening] [START] begin file=E:\workSpace\scripts\ops\do_inv_evening_and_post.ps1
[2026-05-26 21:14:07] [AIOS-Inv-Evening] [ERROR] exit_code=1
[2026-05-26 21:14:08] [AIOS-Inv-Evening] [OK] foreground restored: YourChronicle
[2026-05-26 21:14:08] [AIOS-Inv-Evening] [END] elapsed_ms=246767
[2026-05-26 21:20:03] [AIOS-Alert-Healthcheck] [START] begin file=E:\workSpace\scripts\ops\do_alert_and_post.ps1
[2026-05-26 21:20:06] [AIOS-Alert-Healthcheck] [ERROR] exit_code=2
[2026-05-26 21:20:07] [AIOS-Alert-Healthcheck] [OK] foreground restored: YourChronicle
[2026-05-26 21:20:07] [AIOS-Alert-Healthcheck] [END] elapsed_ms=4557
[2026-05-26 22:00:04] [AIOS-Tasks-Channel-Sync] [START] begin file=E:\workSpace\scripts\ops\do_sync_tasks_channel.ps1
[2026-05-26 22:00:05] [AIOS-Tasks-Channel-Sync] [ERROR] exit_code=1
[2026-05-26 22:00:05] [AIOS-Tasks-Channel-Sync] [OK] foreground restored: YourChronicle
[2026-05-26 22:00:05] [AIOS-Tasks-Channel-Sync] [END] elapsed_ms=1086
[2026-05-26 22:17:11] [AIOS-Night] [START] begin file=E:\workSpace\scripts\ops\do_night_and_post_generic.ps1
[2026-05-26 22:21:11] [AIOS-Night] [OK] exit_code=0
[2026-05-26 22:21:12] [AIOS-Night] [OK] foreground restored: YourChronicle
[2026-05-26 22:21:12] [AIOS-Night] [END] elapsed_ms=240500
[2026-05-26 23:56:38] [AIOS-Tasks-Channel-Sync] [START] begin file=E:\workSpace\scripts\ops\do_sync_tasks_channel.ps1
[2026-05-26 23:56:42] [AIOS-Tasks-Channel-Sync] [OK] exit_code=0
[2026-05-26 23:56:43] [AIOS-Tasks-Channel-Sync] [OK] foreground restored: YourChronicle
[2026-05-26 23:56:43] [AIOS-Tasks-Channel-Sync] [END] elapsed_ms=5280
[2026-05-27 00:00:01] [AIOS-Tasks-Channel-Sync] [START] begin file=E:\workSpace\scripts\ops\do_sync_tasks_channel.ps1
[2026-05-27 00:00:03] [AIOS-Tasks-Channel-Sync] [OK] exit_code=0
[2026-05-27 00:00:04] [AIOS-Tasks-Channel-Sync] [OK] foreground restored: YourChronicle
[2026-05-27 00:00:04] [AIOS-Tasks-Channel-Sync] [END] elapsed_ms=2328
[2026-05-27 01:45:20] [AIOS-Tasks-Channel-Sync] [START] begin file=E:\workSpace\scripts\ops\do_sync_tasks_channel.ps1
[2026-05-27 01:45:23] [AIOS-Tasks-Channel-Sync] [OK] exit_code=0
[2026-05-27 01:45:23] [AIOS-Tasks-Channel-Sync] [OK] foreground restored: YourChronicle
[2026-05-27 01:45:23] [AIOS-Tasks-Channel-Sync] [END] elapsed_ms=3895
[2026-05-27 02:00:04] [AIOS-Tasks-Channel-Sync] [START] begin file=E:\workSpace\scripts\ops\do_sync_tasks_channel.ps1
[2026-05-27 02:00:06] [AIOS-Tasks-Channel-Sync] [OK] exit_code=0
[2026-05-27 02:00:06] [AIOS-Tasks-Channel-Sync] [OK] foreground restored: YourChronicle
[2026-05-27 02:00:06] [AIOS-Tasks-Channel-Sync] [END] elapsed_ms=1671
[2026-05-27 03:11:17] [AIOS-Tasks-Channel-Sync] [START] begin file=E:\workSpace\scripts\ops\do_sync_tasks_channel.ps1
[2026-05-27 03:11:20] [AIOS-Tasks-Channel-Sync] [OK] exit_code=0
[2026-05-27 03:11:21] [AIOS-Tasks-Channel-Sync] [OK] foreground restored: YourChronicle
[2026-05-27 03:11:21] [AIOS-Tasks-Channel-Sync] [END] elapsed_ms=4217
[2026-05-27 04:43:53] [AIOS-Tasks-Channel-Sync] [START] begin file=E:\workSpace\scripts\ops\do_sync_tasks_channel.ps1
[2026-05-27 04:43:55] [AIOS-Tasks-Channel-Sync] [OK] exit_code=0
[2026-05-27 04:43:56] [AIOS-Tasks-Channel-Sync] [OK] foreground restored: YourChronicle
[2026-05-27 04:43:56] [AIOS-Tasks-Channel-Sync] [END] elapsed_ms=2473
[2026-05-27 05:00:02] [AIOS-Tasks-Channel-Sync] [START] begin file=E:\workSpace\scripts\ops\do_sync_tasks_channel.ps1
[2026-05-27 05:00:03] [AIOS-Tasks-Channel-Sync] [OK] exit_code=0
[2026-05-27 05:00:03] [AIOS-Tasks-Channel-Sync] [OK] foreground restored: YourChronicle
[2026-05-27 05:00:03] [AIOS-Tasks-Channel-Sync] [END] elapsed_ms=1078
[2026-05-27 07:23:52] [AIOS-Tasks-Channel-Sync] [START] begin file=E:\workSpace\scripts\ops\do_sync_tasks_channel.ps1
[2026-05-27 07:23:57] [AIOS-Tasks-Channel-Sync] [OK] exit_code=0
[2026-05-27 07:23:58] [AIOS-Tasks-Channel-Sync] [OK] foreground restored: YourChronicle
[2026-05-27 07:23:58] [AIOS-Tasks-Channel-Sync] [END] elapsed_ms=5408
[2026-05-27 07:27:56] [AIOS-Data-Harvest] [OK] exit_code=0
[2026-05-27 07:27:58] [AIOS-Data-Harvest] [OK] foreground restored: YourChronicle
[2026-05-27 07:27:58] [AIOS-Data-Harvest] [END] elapsed_ms=27079023
[2026-05-27 07:30:03] [AIOS-Inv-Morning] [START] begin file=E:\workSpace\scripts\ops\do_inv_morning_and_post.ps1
[2026-05-27 07:33:48] [AIOS-Inv-Morning] [ERROR] exit_code=1
[2026-05-27 07:33:49] [AIOS-Inv-Morning] [OK] foreground restored: YourChronicle
[2026-05-27 07:33:49] [AIOS-Inv-Morning] [END] elapsed_ms=225976
[2026-05-27 08:00:04] [AIOS-Tasks-Channel-Sync] [START] begin file=E:\workSpace\scripts\ops\do_sync_tasks_channel.ps1
[2026-05-27 08:00:06] [AIOS-Tasks-Channel-Sync] [OK] exit_code=0
[2026-05-27 08:00:06] [AIOS-Tasks-Channel-Sync] [OK] foreground restored: YourChronicle
[2026-05-27 08:00:06] [AIOS-Tasks-Channel-Sync] [END] elapsed_ms=2207
[2026-05-27 08:10:03] [AIOS-Inv-Scenario-0810] [START] begin file=E:\workSpace\scripts\ops\do_inv_scenario_and_post.ps1
[2026-05-27 08:10:10] [AIOS-Inv-Scenario-0810] [ERROR] exit_code=1
[2026-05-27 08:10:12] [AIOS-Inv-Scenario-0810] [OK] foreground restored: YourChronicle
[2026-05-27 08:10:12] [AIOS-Inv-Scenario-0810] [END] elapsed_ms=8303
[2026-05-27 09:00:05] [AIOS-Scenario-Replies-Sync] [START] begin file=E:\workSpace\scripts\ops\do_sync_scenario_replies.ps1
[2026-05-27 09:00:06] [AIOS-Tasks-Channel-Sync] [OK] exit_code=0
[2026-05-27 09:00:08] [AIOS-Tasks-Channel-Sync] [OK] foreground restored: YourChronicle
[2026-05-27 09:00:08] [AIOS-Tasks-Channel-Sync] [END] elapsed_ms=2649
[2026-05-27 09:00:16] [AIOS-Scenario-Replies-Sync] [OK] exit_code=0
[2026-05-27 09:00:16] [AIOS-Scenario-Replies-Sync] [OK] foreground restored: YourChronicle
[2026-05-27 09:00:16] [AIOS-Scenario-Replies-Sync] [END] elapsed_ms=11331
[2026-05-27 09:05:04] [AIOS-Scenario-Replies-Sync] [START] begin file=E:\workSpace\scripts\ops\do_sync_scenario_replies.ps1
[2026-05-27 09:05:14] [AIOS-Scenario-Replies-Sync] [OK] exit_code=0
[2026-05-27 09:05:15] [AIOS-Scenario-Replies-Sync] [OK] foreground restored: YourChronicle
[2026-05-27 09:05:15] [AIOS-Scenario-Replies-Sync] [END] elapsed_ms=10461
[2026-05-27 09:10:05] [AIOS-Scenario-Replies-Sync] [START] begin file=E:\workSpace\scripts\ops\do_sync_scenario_replies.ps1
[2026-05-27 09:10:13] [AIOS-Scenario-Replies-Sync] [OK] exit_code=0
[2026-05-27 09:10:15] [AIOS-Scenario-Replies-Sync] [OK] foreground restored: YourChronicle
[2026-05-27 09:10:15] [AIOS-Scenario-Replies-Sync] [END] elapsed_ms=9997
[2026-05-27 09:15:05] [AIOS-Scenario-Replies-Sync] [START] begin file=E:\workSpace\scripts\ops\do_sync_scenario_replies.ps1
[2026-05-27 09:15:15] [AIOS-Scenario-Replies-Sync] [OK] exit_code=0
[2026-05-27 09:15:16] [AIOS-Scenario-Replies-Sync] [OK] foreground restored: YourChronicle
[2026-05-27 09:15:16] [AIOS-Scenario-Replies-Sync] [END] elapsed_ms=10559
[2026-05-27 09:20:05] [AIOS-Scenario-Replies-Sync] [START] begin file=E:\workSpace\scripts\ops\do_sync_scenario_replies.ps1
[2026-05-27 09:20:17] [AIOS-Scenario-Replies-Sync] [OK] exit_code=0
[2026-05-27 09:20:18] [AIOS-Scenario-Replies-Sync] [OK] foreground restored: YourChronicle
[2026-05-27 09:20:18] [AIOS-Scenario-Replies-Sync] [END] elapsed_ms=12519
[2026-05-27 09:25:04] [AIOS-Scenario-Replies-Sync] [START] begin file=E:\workSpace\scripts\ops\do_sync_scenario_replies.ps1
[2026-05-27 09:25:18] [AIOS-Scenario-Replies-Sync] [OK] exit_code=0
[2026-05-27 09:25:18] [AIOS-Scenario-Replies-Sync] [OK] foreground restored: YourChronicle
[2026-05-27 09:25:18] [AIOS-Scenario-Replies-Sync] [END] elapsed_ms=13906
[2026-05-27 09:30:05] [AIOS-Scenario-Replies-Sync] [START] begin file=E:\workSpace\scripts\ops\do_sync_scenario_replies.ps1
[2026-05-27 09:30:18] [AIOS-Scenario-Replies-Sync] [OK] exit_code=0
[2026-05-27 09:30:19] [AIOS-Scenario-Replies-Sync] [OK] foreground restored: YourChronicle
[2026-05-27 09:30:19] [AIOS-Scenario-Replies-Sync] [END] elapsed_ms=13843
[2026-05-27 09:35:04] [AIOS-Scenario-Replies-Sync] [START] begin file=E:\workSpace\scripts\ops\do_sync_scenario_replies.ps1
[2026-05-27 09:35:18] [AIOS-Scenario-Replies-Sync] [OK] exit_code=0
[2026-05-27 09:35:19] [AIOS-Scenario-Replies-Sync] [OK] foreground restored: YourChronicle
[2026-05-27 09:35:19] [AIOS-Scenario-Replies-Sync] [END] elapsed_ms=14068
[2026-05-27 09:40:04] [AIOS-Scenario-Replies-Sync] [START] begin file=E:\workSpace\scripts\ops\do_sync_scenario_replies.ps1
[2026-05-27 09:40:16] [AIOS-Scenario-Replies-Sync] [OK] exit_code=0
[2026-05-27 09:40:16] [AIOS-Scenario-Replies-Sync] [OK] foreground restored: YourChronicle
[2026-05-27 09:40:16] [AIOS-Scenario-Replies-Sync] [END] elapsed_ms=12352
[2026-05-27 09:45:05] [AIOS-Scenario-Replies-Sync] [START] begin file=E:\workSpace\scripts\ops\do_sync_scenario_replies.ps1
[2026-05-27 09:45:16] [AIOS-Scenario-Replies-Sync] [OK] exit_code=0
[2026-05-27 09:45:17] [AIOS-Scenario-Replies-Sync] [OK] foreground restored: YourChronicle
[2026-05-27 09:45:17] [AIOS-Scenario-Replies-Sync] [END] elapsed_ms=11943
[2026-05-27 09:50:03] [AIOS-Scenario-Replies-Sync] [START] begin file=E:\workSpace\scripts\ops\do_sync_scenario_replies.ps1
[2026-05-27 09:50:15] [AIOS-Scenario-Replies-Sync] [OK] exit_code=0
[2026-05-27 09:50:16] [AIOS-Scenario-Replies-Sync] [OK] foreground restored: YourChronicle
[2026-05-27 09:50:16] [AIOS-Scenario-Replies-Sync] [END] elapsed_ms=12994
[2026-05-27 09:55:03] [AIOS-Scenario-Replies-Sync] [START] begin file=E:\workSpace\scripts\ops\do_sync_scenario_replies.ps1
[2026-05-27 09:55:18] [AIOS-Scenario-Replies-Sync] [OK] exit_code=0
[2026-05-27 09:55:18] [AIOS-Scenario-Replies-Sync] [OK] foreground restored: YourChronicle
[2026-05-27 09:55:18] [AIOS-Scenario-Replies-Sync] [END] elapsed_ms=15011
[2026-05-27 10:00:04] [AIOS-Scenario-Replies-Sync] [START] begin file=E:\workSpace\scripts\ops\do_sync_scenario_replies.ps1
[2026-05-27 10:00:06] [AIOS-Tasks-Channel-Sync] [OK] exit_code=0
[2026-05-27 10:00:07] [AIOS-Tasks-Channel-Sync] [OK] foreground restored: YourChronicle
[2026-05-27 10:00:07] [AIOS-Tasks-Channel-Sync] [END] elapsed_ms=2132
[2026-05-27 10:00:17] [AIOS-Scenario-Replies-Sync] [OK] exit_code=0
[2026-05-27 10:00:17] [AIOS-Scenario-Replies-Sync] [OK] foreground restored: YourChronicle
[2026-05-27 10:00:17] [AIOS-Scenario-Replies-Sync] [END] elapsed_ms=12753
[2026-05-27 11:00:03] [AIOS-Tasks-Channel-Sync] [START] begin file=E:\workSpace\scripts\ops\do_sync_tasks_channel.ps1
[2026-05-27 11:00:05] [AIOS-Tasks-Channel-Sync] [OK] exit_code=0
[2026-05-27 11:00:06] [AIOS-Tasks-Channel-Sync] [OK] foreground restored: YourChronicle
[2026-05-27 11:00:06] [AIOS-Tasks-Channel-Sync] [END] elapsed_ms=2533
[2026-05-27 12:00:03] [AIOS-Tasks-Channel-Sync] [START] begin file=E:\workSpace\scripts\ops\do_sync_tasks_channel.ps1
[2026-05-27 12:00:05] [AIOS-Tasks-Channel-Sync] [OK] exit_code=0
[2026-05-27 12:00:06] [AIOS-Tasks-Channel-Sync] [OK] foreground restored: YourChronicle
[2026-05-27 12:00:06] [AIOS-Tasks-Channel-Sync] [END] elapsed_ms=2638
[2026-05-27 12:10:02] [AIOS-Inv-Noon] [START] begin file=E:\workSpace\scripts\ops\do_inv_noon_and_post.ps1
[2026-05-27 12:10:23] [AIOS-Inv-Noon] [ERROR] exit_code=1
[2026-05-27 12:10:25] [AIOS-Inv-Noon] [OK] foreground restored: YourChronicle
[2026-05-27 12:10:25] [AIOS-Inv-Noon] [END] elapsed_ms=22302
[2026-05-27 12:30:04] [AIOS-Scenario-Replies-Sync] [START] begin file=E:\workSpace\scripts\ops\do_sync_scenario_replies.ps1
[2026-05-27 12:30:16] [AIOS-Scenario-Replies-Sync] [OK] exit_code=0
[2026-05-27 12:30:17] [AIOS-Scenario-Replies-Sync] [OK] foreground restored: YourChronicle
[2026-05-27 12:30:17] [AIOS-Scenario-Replies-Sync] [END] elapsed_ms=13106
[2026-05-27 12:35:03] [AIOS-Scenario-Replies-Sync] [START] begin file=E:\workSpace\scripts\ops\do_sync_scenario_replies.ps1
[2026-05-27 12:35:15] [AIOS-Scenario-Replies-Sync] [OK] exit_code=0
[2026-05-27 12:35:16] [AIOS-Scenario-Replies-Sync] [OK] foreground restored: YourChronicle
[2026-05-27 12:35:16] [AIOS-Scenario-Replies-Sync] [END] elapsed_ms=12575
[2026-05-27 12:40:04] [AIOS-Scenario-Replies-Sync] [START] begin file=E:\workSpace\scripts\ops\do_sync_scenario_replies.ps1
[2026-05-27 12:40:15] [AIOS-Scenario-Replies-Sync] [OK] exit_code=0
[2026-05-27 12:40:16] [AIOS-Scenario-Replies-Sync] [OK] foreground restored: YourChronicle
[2026-05-27 12:40:16] [AIOS-Scenario-Replies-Sync] [END] elapsed_ms=12696
[2026-05-27 12:45:04] [AIOS-Scenario-Replies-Sync] [START] begin file=E:\workSpace\scripts\ops\do_sync_scenario_replies.ps1
[2026-05-27 12:45:15] [AIOS-Scenario-Replies-Sync] [OK] exit_code=0
[2026-05-27 12:45:17] [AIOS-Scenario-Replies-Sync] [OK] foreground restored: YourChronicle
[2026-05-27 12:45:17] [AIOS-Scenario-Replies-Sync] [END] elapsed_ms=13023
[2026-05-27 12:50:05] [AIOS-Scenario-Replies-Sync] [START] begin file=E:\workSpace\scripts\ops\do_sync_scenario_replies.ps1
[2026-05-27 12:50:18] [AIOS-Scenario-Replies-Sync] [OK] exit_code=0
[2026-05-27 12:50:19] [AIOS-Scenario-Replies-Sync] [OK] foreground restored: YourChronicle
[2026-05-27 12:50:19] [AIOS-Scenario-Replies-Sync] [END] elapsed_ms=14612
[2026-05-27 12:55:05] [AIOS-Scenario-Replies-Sync] [START] begin file=E:\workSpace\scripts\ops\do_sync_scenario_replies.ps1
[2026-05-27 12:55:19] [AIOS-Scenario-Replies-Sync] [OK] exit_code=0
[2026-05-27 12:55:20] [AIOS-Scenario-Replies-Sync] [OK] foreground restored: YourChronicle
[2026-05-27 12:55:20] [AIOS-Scenario-Replies-Sync] [END] elapsed_ms=14553
[2026-05-27 13:00:04] [AIOS-Tasks-Channel-Sync] [START] begin file=E:\workSpace\scripts\ops\do_sync_tasks_channel.ps1
[2026-05-27 13:00:06] [AIOS-Tasks-Channel-Sync] [OK] exit_code=0
[2026-05-27 13:00:07] [AIOS-Tasks-Channel-Sync] [OK] foreground restored: YourChronicle
[2026-05-27 13:00:07] [AIOS-Tasks-Channel-Sync] [END] elapsed_ms=3100
[2026-05-27 13:00:18] [AIOS-Scenario-Replies-Sync] [OK] exit_code=0
[2026-05-27 13:00:18] [AIOS-Scenario-Replies-Sync] [OK] foreground restored: YourChronicle
[2026-05-27 13:00:18] [AIOS-Scenario-Replies-Sync] [END] elapsed_ms=14321
[2026-05-27 13:05:04] [AIOS-Scenario-Replies-Sync] [START] begin file=E:\workSpace\scripts\ops\do_sync_scenario_replies.ps1
[2026-05-27 13:05:16] [AIOS-Scenario-Replies-Sync] [OK] exit_code=0
[2026-05-27 13:05:16] [AIOS-Scenario-Replies-Sync] [OK] foreground restored: YourChronicle
[2026-05-27 13:05:16] [AIOS-Scenario-Replies-Sync] [END] elapsed_ms=12242
[2026-05-27 13:10:05] [AIOS-Scenario-Replies-Sync] [START] begin file=E:\workSpace\scripts\ops\do_sync_scenario_replies.ps1
[2026-05-27 13:10:19] [AIOS-Scenario-Replies-Sync] [OK] exit_code=0
[2026-05-27 13:10:20] [AIOS-Scenario-Replies-Sync] [OK] foreground restored: YourChronicle
[2026-05-27 13:10:20] [AIOS-Scenario-Replies-Sync] [END] elapsed_ms=14820
[2026-05-27 13:15:06] [AIOS-Scenario-Replies-Sync] [START] begin file=E:\workSpace\scripts\ops\do_sync_scenario_replies.ps1
[2026-05-27 13:15:21] [AIOS-Scenario-Replies-Sync] [OK] exit_code=0
[2026-05-27 13:15:21] [AIOS-Scenario-Replies-Sync] [OK] foreground restored: YourChronicle
[2026-05-27 13:15:21] [AIOS-Scenario-Replies-Sync] [END] elapsed_ms=15398
[2026-05-27 13:15:33] [AIOS-Inv-Noon] [START] begin file=E:\workSpace\scripts\ops\do_inv_noon_and_post.ps1
[2026-05-27 13:16:02] [AIOS-Inv-Noon] [ERROR] exit_code=1
[2026-05-27 13:16:03] [AIOS-Inv-Noon] [OK] foreground restored: YourChronicle
[2026-05-27 13:16:03] [AIOS-Inv-Noon] [END] elapsed_ms=29971
[2026-05-27 13:20:04] [AIOS-Scenario-Replies-Sync] [START] begin file=E:\workSpace\scripts\ops\do_sync_scenario_replies.ps1
[2026-05-27 13:20:18] [AIOS-Scenario-Replies-Sync] [OK] exit_code=0
[2026-05-27 13:20:19] [AIOS-Scenario-Replies-Sync] [OK] foreground restored: YourChronicle
[2026-05-27 13:20:19] [AIOS-Scenario-Replies-Sync] [END] elapsed_ms=14590
[2026-05-27 13:25:06] [AIOS-Scenario-Replies-Sync] [START] begin file=E:\workSpace\scripts\ops\do_sync_scenario_replies.ps1
[2026-05-27 13:25:18] [AIOS-Scenario-Replies-Sync] [OK] exit_code=0
[2026-05-27 13:25:18] [AIOS-Scenario-Replies-Sync] [OK] foreground restored: YourChronicle
[2026-05-27 13:25:18] [AIOS-Scenario-Replies-Sync] [END] elapsed_ms=12575
[2026-05-27 13:30:05] [AIOS-Scenario-Replies-Sync] [START] begin file=E:\workSpace\scripts\ops\do_sync_scenario_replies.ps1
[2026-05-27 13:30:17] [AIOS-Scenario-Replies-Sync] [OK] exit_code=0
[2026-05-27 13:30:19] [AIOS-Scenario-Replies-Sync] [OK] foreground restored: YourChronicle
[2026-05-27 13:30:19] [AIOS-Scenario-Replies-Sync] [END] elapsed_ms=13734
[2026-05-27 14:00:02] [AIOS-Tasks-Channel-Sync] [START] begin file=E:\workSpace\scripts\ops\do_sync_tasks_channel.ps1
[2026-05-27 14:00:03] [AIOS-Tasks-Channel-Sync] [OK] exit_code=0
[2026-05-27 14:00:05] [AIOS-Tasks-Channel-Sync] [OK] foreground restored: YourChronicle
[2026-05-27 14:00:05] [AIOS-Tasks-Channel-Sync] [END] elapsed_ms=2302
[2026-05-27 15:00:06] [AIOS-Tasks-Channel-Sync] [START] begin file=E:\workSpace\scripts\ops\do_sync_tasks_channel.ps1
[2026-05-27 15:00:09] [AIOS-Tasks-Channel-Sync] [OK] exit_code=0
[2026-05-27 15:00:12] [AIOS-Tasks-Channel-Sync] [OK] foreground restored: YourChronicle
[2026-05-27 15:00:12] [AIOS-Tasks-Channel-Sync] [END] elapsed_ms=5722
[2026-05-27 18:00:06] [AIOS-Tasks-Channel-Sync] [START] begin file=E:\workSpace\scripts\ops\do_sync_tasks_channel.ps1
[2026-05-27 18:00:09] [AIOS-Tasks-Channel-Sync] [OK] exit_code=0
[2026-05-27 18:00:10] [AIOS-Tasks-Channel-Sync] [OK] foreground restored: YourChronicle
[2026-05-27 18:00:10] [AIOS-Tasks-Channel-Sync] [END] elapsed_ms=4060
[2026-05-27 19:00:04] [AIOS-Tasks-Channel-Sync] [START] begin file=E:\workSpace\scripts\ops\do_sync_tasks_channel.ps1
[2026-05-27 19:00:06] [AIOS-Tasks-Channel-Sync] [OK] exit_code=0
[2026-05-27 19:00:07] [AIOS-Tasks-Channel-Sync] [OK] foreground restored: YourChronicle
[2026-05-27 19:00:07] [AIOS-Tasks-Channel-Sync] [END] elapsed_ms=2971
[2026-05-27 20:00:03] [AIOS-Tasks-Channel-Sync] [START] begin file=E:\workSpace\scripts\ops\do_sync_tasks_channel.ps1
[2026-05-27 20:00:04] [AIOS-Tasks-Channel-Sync] [OK] exit_code=0
[2026-05-27 20:00:05] [AIOS-Tasks-Channel-Sync] [OK] foreground restored: YourChronicle
[2026-05-27 20:00:05] [AIOS-Tasks-Channel-Sync] [END] elapsed_ms=2232
[2026-05-27 21:00:03] [AIOS-Night] [START] begin file=E:\workSpace\scripts\ops\do_night_and_post_generic.ps1
[2026-05-27 21:00:03] [AIOS-Tasks-Channel-Sync] [START] begin file=E:\workSpace\scripts\ops\do_sync_tasks_channel.ps1
[2026-05-27 21:00:04] [AIOS-Tasks-Channel-Sync] [OK] exit_code=0
[2026-05-27 21:00:05] [AIOS-Tasks-Channel-Sync] [OK] foreground restored: YourChronicle
[2026-05-27 21:00:05] [AIOS-Tasks-Channel-Sync] [END] elapsed_ms=2206
[2026-05-27 21:14:11] [AIOS-Night] [OK] exit_code=0
[2026-05-27 21:14:12] [AIOS-Night] [OK] foreground restored: YourChronicle
[2026-05-27 21:14:12] [AIOS-Night] [END] elapsed_ms=849142
[2026-05-27 21:20:02] [AIOS-Alert-Healthcheck] [START] begin file=E:\workSpace\scripts\ops\do_alert_and_post.ps1
[2026-05-27 21:20:06] [AIOS-Alert-Healthcheck] [ERROR] exit_code=2
[2026-05-27 21:20:07] [AIOS-Alert-Healthcheck] [OK] foreground restored: YourChronicle
[2026-05-27 21:20:07] [AIOS-Alert-Healthcheck] [END] elapsed_ms=5104
[2026-05-27 21:30:18] [AIOS-Inv-Evening] [START] begin file=E:\workSpace\scripts\ops\do_inv_evening_and_post.ps1
[2026-05-27 21:52:47] [AIOS-Inv-Evening] [ERROR] exit_code=1
[2026-05-27 21:52:48] [AIOS-Inv-Evening] [OK] foreground restored: YourChronicle
[2026-05-27 21:52:48] [AIOS-Inv-Evening] [END] elapsed_ms=1349871
[2026-05-27 22:00:03] [AIOS-Tasks-Channel-Sync] [START] begin file=E:\workSpace\scripts\ops\do_sync_tasks_channel.ps1
[2026-05-27 22:00:04] [AIOS-Tasks-Channel-Sync] [OK] exit_code=0
[2026-05-27 22:00:05] [AIOS-Tasks-Channel-Sync] [OK] foreground restored: YourChronicle
[2026-05-27 22:00:05] [AIOS-Tasks-Channel-Sync] [END] elapsed_ms=1598
[2026-05-27 22:40:43] [AIOS-Scenario-Replies-Sync] [START] begin file=E:\workSpace\scripts\ops\do_sync_scenario_replies.ps1
[2026-05-27 22:40:55] [AIOS-Scenario-Replies-Sync] [OK] exit_code=0
[2026-05-27 22:40:57] [AIOS-Scenario-Replies-Sync] [OK] foreground restored: YourChronicle
[2026-05-27 22:40:57] [AIOS-Scenario-Replies-Sync] [END] elapsed_ms=13950
[2026-05-27 22:41:34] [AIOS-Tasks-Channel-Sync] [START] begin file=E:\workSpace\scripts\ops\do_sync_tasks_channel.ps1
[2026-05-27 22:41:36] [AIOS-Tasks-Channel-Sync] [OK] exit_code=0
[2026-05-27 22:41:37] [AIOS-Tasks-Channel-Sync] [OK] foreground restored: YourChronicle
[2026-05-27 22:41:37] [AIOS-Tasks-Channel-Sync] [END] elapsed_ms=2616
[2026-05-27 23:00:03] [AIOS-Tasks-Channel-Sync] [START] begin file=E:\workSpace\scripts\ops\do_sync_tasks_channel.ps1
[2026-05-27 23:00:04] [AIOS-Tasks-Channel-Sync] [OK] exit_code=0
[2026-05-27 23:00:05] [AIOS-Tasks-Channel-Sync] [OK] foreground restored: YourChronicle
[2026-05-27 23:00:05] [AIOS-Tasks-Channel-Sync] [END] elapsed_ms=2130
[2026-05-27 23:40:02] [AIOS-Data-Harvest] [START] begin cmd=Set-Location E:\workSpace; $d=(Get-Date -Format yyyy-MM-dd); py scripts/investment/collect/run_harvest_backfill.py --end-date $d --days 21 --discover-latest 120 --max-pages 120 --tdnet-max-items 800 --seed-list rough_backtest_full --max-signals 12 --max-long 6 --max-short 6; $LASTEXITCODE
[2026-05-28 00:00:03] [AIOS-Tasks-Channel-Sync] [START] begin file=E:\workSpace\scripts\ops\do_sync_tasks_channel.ps1
[2026-05-28 00:00:04] [AIOS-Tasks-Channel-Sync] [OK] exit_code=0
[2026-05-28 00:00:05] [AIOS-Tasks-Channel-Sync] [OK] foreground restored: YourChronicle
[2026-05-28 00:00:05] [AIOS-Tasks-Channel-Sync] [END] elapsed_ms=2155
[2026-05-28 01:00:04] [AIOS-Tasks-Channel-Sync] [START] begin file=E:\workSpace\scripts\ops\do_sync_tasks_channel.ps1
[2026-05-28 01:00:05] [AIOS-Tasks-Channel-Sync] [OK] exit_code=0
[2026-05-28 01:00:06] [AIOS-Tasks-Channel-Sync] [OK] foreground restored: YourChronicle
[2026-05-28 01:00:06] [AIOS-Tasks-Channel-Sync] [END] elapsed_ms=2094
[2026-05-28 02:00:04] [AIOS-Tasks-Channel-Sync] [START] begin file=E:\workSpace\scripts\ops\do_sync_tasks_channel.ps1
[2026-05-28 02:00:05] [AIOS-Tasks-Channel-Sync] [OK] exit_code=0
[2026-05-28 02:00:06] [AIOS-Tasks-Channel-Sync] [OK] foreground restored: YourChronicle
[2026-05-28 02:00:06] [AIOS-Tasks-Channel-Sync] [END] elapsed_ms=1911
[2026-05-28 03:00:05] [AIOS-Tasks-Channel-Sync] [START] begin file=E:\workSpace\scripts\ops\do_sync_tasks_channel.ps1
[2026-05-28 03:00:06] [AIOS-Tasks-Channel-Sync] [OK] exit_code=0
[2026-05-28 03:00:07] [AIOS-Tasks-Channel-Sync] [OK] foreground restored: YourChronicle
[2026-05-28 03:00:07] [AIOS-Tasks-Channel-Sync] [END] elapsed_ms=2429
[2026-05-28 04:00:04] [AIOS-Tasks-Channel-Sync] [START] begin file=E:\workSpace\scripts\ops\do_sync_tasks_channel.ps1
[2026-05-28 04:00:05] [AIOS-Tasks-Channel-Sync] [OK] exit_code=0
[2026-05-28 04:00:06] [AIOS-Tasks-Channel-Sync] [OK] foreground restored: YourChronicle
[2026-05-28 04:00:06] [AIOS-Tasks-Channel-Sync] [END] elapsed_ms=2535
[2026-05-28 05:00:04] [AIOS-Tasks-Channel-Sync] [START] begin file=E:\workSpace\scripts\ops\do_sync_tasks_channel.ps1
[2026-05-28 05:00:06] [AIOS-Tasks-Channel-Sync] [OK] exit_code=0
[2026-05-28 05:00:07] [AIOS-Tasks-Channel-Sync] [OK] foreground restored: YourChronicle
[2026-05-28 05:00:07] [AIOS-Tasks-Channel-Sync] [END] elapsed_ms=2604
[2026-05-28 05:40:11] [AIOS-Data-Harvest] [ERROR] exit_code=1
[2026-05-28 05:40:13] [AIOS-Data-Harvest] [OK] foreground restored: YourChronicle
[2026-05-28 05:40:13] [AIOS-Data-Harvest] [END] elapsed_ms=21611053
[2026-05-28 06:00:04] [AIOS-Tasks-Channel-Sync] [START] begin file=E:\workSpace\scripts\ops\do_sync_tasks_channel.ps1
[2026-05-28 06:00:07] [AIOS-Tasks-Channel-Sync] [OK] exit_code=0
[2026-05-28 06:00:08] [AIOS-Tasks-Channel-Sync] [OK] foreground restored: YourChronicle
[2026-05-28 06:00:08] [AIOS-Tasks-Channel-Sync] [END] elapsed_ms=3953
[2026-05-28 07:00:05] [AIOS-Tasks-Channel-Sync] [START] begin file=E:\workSpace\scripts\ops\do_sync_tasks_channel.ps1
[2026-05-28 07:00:06] [AIOS-Tasks-Channel-Sync] [OK] exit_code=0
[2026-05-28 07:00:07] [AIOS-Tasks-Channel-Sync] [OK] foreground restored: YourChronicle
[2026-05-28 07:00:07] [AIOS-Tasks-Channel-Sync] [END] elapsed_ms=2607
[2026-05-28 07:30:03] [AIOS-Inv-Morning] [START] begin file=E:\workSpace\scripts\ops\do_inv_morning_and_post.ps1
[2026-05-28 07:33:33] [AIOS-Inv-Morning] [ERROR] exit_code=1
[2026-05-28 07:33:34] [AIOS-Inv-Morning] [OK] foreground restored: YourChronicle
[2026-05-28 07:33:34] [AIOS-Inv-Morning] [END] elapsed_ms=211525
[2026-05-28 08:00:04] [AIOS-Tasks-Channel-Sync] [START] begin file=E:\workSpace\scripts\ops\do_sync_tasks_channel.ps1
[2026-05-28 08:00:05] [AIOS-Tasks-Channel-Sync] [OK] exit_code=0
[2026-05-28 08:00:06] [AIOS-Tasks-Channel-Sync] [OK] foreground restored: YourChronicle
[2026-05-28 08:00:06] [AIOS-Tasks-Channel-Sync] [END] elapsed_ms=2180
[2026-05-28 08:10:04] [AIOS-Inv-Scenario-0810] [START] begin file=E:\workSpace\scripts\ops\do_inv_scenario_and_post.ps1
[2026-05-28 08:10:21] [AIOS-Inv-Scenario-0810] [OK] exit_code=0
[2026-05-28 08:10:21] [AIOS-Inv-Scenario-0810] [OK] foreground restored: YourChronicle
[2026-05-28 08:10:21] [AIOS-Inv-Scenario-0810] [END] elapsed_ms=17677
[2026-05-28 09:18:00] [AIOS-Tasks-Channel-Sync] [START] begin file=E:\workSpace\scripts\ops\do_sync_tasks_channel.ps1
[2026-05-28 09:18:07] [AIOS-Tasks-Channel-Sync] [OK] exit_code=0
[2026-05-28 09:18:08] [AIOS-Tasks-Channel-Sync] [OK] foreground restored: YourChronicle
[2026-05-28 09:18:08] [AIOS-Tasks-Channel-Sync] [END] elapsed_ms=7648
[2026-05-28 09:18:23] [AIOS-Scenario-Replies-Sync] [OK] exit_code=0
[2026-05-28 09:18:24] [AIOS-Scenario-Replies-Sync] [OK] foreground restored: YourChronicle
[2026-05-28 09:18:24] [AIOS-Scenario-Replies-Sync] [END] elapsed_ms=23047
[2026-05-28 09:22:45] [AIOS-Scenario-Replies-Sync] [START] begin file=E:\workSpace\scripts\ops\do_sync_scenario_replies.ps1
[2026-05-28 09:23:00] [AIOS-Scenario-Replies-Sync] [OK] exit_code=0
[2026-05-28 09:23:01] [AIOS-Scenario-Replies-Sync] [OK] foreground restored: YourChronicle
[2026-05-28 09:23:01] [AIOS-Scenario-Replies-Sync] [END] elapsed_ms=15941
[2026-05-28 09:27:45] [AIOS-Scenario-Replies-Sync] [START] begin file=E:\workSpace\scripts\ops\do_sync_scenario_replies.ps1
[2026-05-28 09:28:00] [AIOS-Scenario-Replies-Sync] [OK] exit_code=0
[2026-05-28 09:28:00] [AIOS-Scenario-Replies-Sync] [OK] foreground restored: YourChronicle
[2026-05-28 09:28:00] [AIOS-Scenario-Replies-Sync] [END] elapsed_ms=15324
[2026-05-28 09:32:45] [AIOS-Scenario-Replies-Sync] [START] begin file=E:\workSpace\scripts\ops\do_sync_scenario_replies.ps1
[2026-05-28 09:33:08] [AIOS-Scenario-Replies-Sync] [OK] exit_code=0
[2026-05-28 09:33:09] [AIOS-Scenario-Replies-Sync] [OK] foreground restored: YourChronicle
[2026-05-28 09:33:09] [AIOS-Scenario-Replies-Sync] [END] elapsed_ms=23933
[2026-05-28 09:37:44] [AIOS-Scenario-Replies-Sync] [START] begin file=E:\workSpace\scripts\ops\do_sync_scenario_replies.ps1
[2026-05-28 09:37:59] [AIOS-Scenario-Replies-Sync] [OK] exit_code=0
[2026-05-28 09:37:59] [AIOS-Scenario-Replies-Sync] [OK] foreground restored: YourChronicle
[2026-05-28 09:37:59] [AIOS-Scenario-Replies-Sync] [END] elapsed_ms=14797
[2026-05-28 09:42:45] [AIOS-Scenario-Replies-Sync] [START] begin file=E:\workSpace\scripts\ops\do_sync_scenario_replies.ps1
[2026-05-28 09:43:02] [AIOS-Scenario-Replies-Sync] [OK] exit_code=0
[2026-05-28 09:43:04] [AIOS-Scenario-Replies-Sync] [OK] foreground restored: YourChronicle
[2026-05-28 09:43:04] [AIOS-Scenario-Replies-Sync] [END] elapsed_ms=18732
[2026-05-28 09:47:44] [AIOS-Scenario-Replies-Sync] [START] begin file=E:\workSpace\scripts\ops\do_sync_scenario_replies.ps1
[2026-05-28 09:47:58] [AIOS-Scenario-Replies-Sync] [OK] exit_code=0
[2026-05-28 09:47:59] [AIOS-Scenario-Replies-Sync] [OK] foreground restored: YourChronicle
[2026-05-28 09:47:59] [AIOS-Scenario-Replies-Sync] [END] elapsed_ms=14281
[2026-05-28 09:52:44] [AIOS-Scenario-Replies-Sync] [START] begin file=E:\workSpace\scripts\ops\do_sync_scenario_replies.ps1
[2026-05-28 09:53:00] [AIOS-Scenario-Replies-Sync] [OK] exit_code=0
[2026-05-28 09:53:01] [AIOS-Scenario-Replies-Sync] [OK] foreground restored: YourChronicle
[2026-05-28 09:53:01] [AIOS-Scenario-Replies-Sync] [END] elapsed_ms=16142
[2026-05-28 09:57:44] [AIOS-Scenario-Replies-Sync] [START] begin file=E:\workSpace\scripts\ops\do_sync_scenario_replies.ps1
[2026-05-28 09:57:58] [AIOS-Scenario-Replies-Sync] [OK] exit_code=0
[2026-05-28 09:57:59] [AIOS-Scenario-Replies-Sync] [OK] foreground restored: YourChronicle
[2026-05-28 09:57:59] [AIOS-Scenario-Replies-Sync] [END] elapsed_ms=15183
[2026-05-28 10:00:03] [AIOS-Tasks-Channel-Sync] [START] begin file=E:\workSpace\scripts\ops\do_sync_tasks_channel.ps1
[2026-05-28 10:00:04] [AIOS-Tasks-Channel-Sync] [OK] exit_code=0
[2026-05-28 10:00:04] [AIOS-Tasks-Channel-Sync] [OK] foreground restored: YourChronicle
[2026-05-28 10:00:04] [AIOS-Tasks-Channel-Sync] [END] elapsed_ms=1299
[2026-05-28 10:02:44] [AIOS-Scenario-Replies-Sync] [START] begin file=E:\workSpace\scripts\ops\do_sync_scenario_replies.ps1
[2026-05-28 10:02:59] [AIOS-Scenario-Replies-Sync] [OK] exit_code=0
[2026-05-28 10:03:01] [AIOS-Scenario-Replies-Sync] [OK] foreground restored: YourChronicle
[2026-05-28 10:03:01] [AIOS-Scenario-Replies-Sync] [END] elapsed_ms=16689
[2026-05-28 10:07:44] [AIOS-Scenario-Replies-Sync] [START] begin file=E:\workSpace\scripts\ops\do_sync_scenario_replies.ps1
[2026-05-28 10:07:59] [AIOS-Scenario-Replies-Sync] [OK] exit_code=0
[2026-05-28 10:08:00] [AIOS-Scenario-Replies-Sync] [OK] foreground restored: YourChronicle
[2026-05-28 10:08:00] [AIOS-Scenario-Replies-Sync] [END] elapsed_ms=15650
[2026-05-28 10:12:44] [AIOS-Scenario-Replies-Sync] [START] begin file=E:\workSpace\scripts\ops\do_sync_scenario_replies.ps1
[2026-05-28 10:12:58] [AIOS-Scenario-Replies-Sync] [OK] exit_code=0
[2026-05-28 10:12:58] [AIOS-Scenario-Replies-Sync] [OK] foreground restored: YourChronicle
[2026-05-28 10:12:58] [AIOS-Scenario-Replies-Sync] [END] elapsed_ms=14264
[2026-05-28 10:17:45] [AIOS-Scenario-Replies-Sync] [START] begin file=E:\workSpace\scripts\ops\do_sync_scenario_replies.ps1
[2026-05-28 10:17:59] [AIOS-Scenario-Replies-Sync] [OK] exit_code=0
[2026-05-28 10:17:59] [AIOS-Scenario-Replies-Sync] [OK] foreground restored: YourChronicle
[2026-05-28 10:17:59] [AIOS-Scenario-Replies-Sync] [END] elapsed_ms=14209
[2026-05-28 11:00:03] [AIOS-Tasks-Channel-Sync] [START] begin file=E:\workSpace\scripts\ops\do_sync_tasks_channel.ps1
[2026-05-28 11:00:05] [AIOS-Tasks-Channel-Sync] [OK] exit_code=0
[2026-05-28 11:00:05] [AIOS-Tasks-Channel-Sync] [OK] foreground restored: YourChronicle
[2026-05-28 11:00:05] [AIOS-Tasks-Channel-Sync] [END] elapsed_ms=1711
[2026-05-28 12:00:03] [AIOS-Tasks-Channel-Sync] [START] begin file=E:\workSpace\scripts\ops\do_sync_tasks_channel.ps1
[2026-05-28 12:00:05] [AIOS-Tasks-Channel-Sync] [OK] exit_code=0
[2026-05-28 12:00:05] [AIOS-Tasks-Channel-Sync] [OK] foreground restored: YourChronicle
[2026-05-28 12:00:05] [AIOS-Tasks-Channel-Sync] [END] elapsed_ms=1904
[2026-05-28 12:10:01] [AIOS-Inv-Noon] [START] begin file=E:\workSpace\scripts\ops\do_inv_noon_and_post.ps1
[2026-05-28 12:10:14] [AIOS-Inv-Noon] [ERROR] exit_code=1
[2026-05-28 12:10:15] [AIOS-Inv-Noon] [OK] foreground restored: YourChronicle
[2026-05-28 12:10:15] [AIOS-Inv-Noon] [END] elapsed_ms=13933
[2026-05-28 12:30:02] [AIOS-Scenario-Replies-Sync] [START] begin file=E:\workSpace\scripts\ops\do_sync_scenario_replies.ps1
[2026-05-28 12:30:16] [AIOS-Scenario-Replies-Sync] [OK] exit_code=0
[2026-05-28 12:30:18] [AIOS-Scenario-Replies-Sync] [OK] foreground restored: YourChronicle
[2026-05-28 12:30:18] [AIOS-Scenario-Replies-Sync] [END] elapsed_ms=15746
[2026-05-28 12:35:02] [AIOS-Scenario-Replies-Sync] [START] begin file=E:\workSpace\scripts\ops\do_sync_scenario_replies.ps1
[2026-05-28 12:35:17] [AIOS-Scenario-Replies-Sync] [OK] exit_code=0
[2026-05-28 12:35:18] [AIOS-Scenario-Replies-Sync] [OK] foreground restored: YourChronicle
[2026-05-28 12:35:18] [AIOS-Scenario-Replies-Sync] [END] elapsed_ms=15515
[2026-05-28 12:40:02] [AIOS-Scenario-Replies-Sync] [START] begin file=E:\workSpace\scripts\ops\do_sync_scenario_replies.ps1
[2026-05-28 12:40:18] [AIOS-Scenario-Replies-Sync] [OK] exit_code=0
[2026-05-28 12:40:18] [AIOS-Scenario-Replies-Sync] [OK] foreground restored: YourChronicle
[2026-05-28 12:40:18] [AIOS-Scenario-Replies-Sync] [END] elapsed_ms=15881
[2026-05-28 12:45:03] [AIOS-Scenario-Replies-Sync] [START] begin file=E:\workSpace\scripts\ops\do_sync_scenario_replies.ps1
[2026-05-28 12:45:17] [AIOS-Scenario-Replies-Sync] [OK] exit_code=0
[2026-05-28 12:45:18] [AIOS-Scenario-Replies-Sync] [OK] foreground restored: YourChronicle
[2026-05-28 12:45:18] [AIOS-Scenario-Replies-Sync] [END] elapsed_ms=15350
[2026-05-28 12:50:02] [AIOS-Scenario-Replies-Sync] [START] begin file=E:\workSpace\scripts\ops\do_sync_scenario_replies.ps1
[2026-05-28 12:50:16] [AIOS-Scenario-Replies-Sync] [OK] exit_code=0
[2026-05-28 12:50:17] [AIOS-Scenario-Replies-Sync] [OK] foreground restored: YourChronicle
[2026-05-28 12:50:17] [AIOS-Scenario-Replies-Sync] [END] elapsed_ms=14902
[2026-05-28 12:55:02] [AIOS-Scenario-Replies-Sync] [START] begin file=E:\workSpace\scripts\ops\do_sync_scenario_replies.ps1
[2026-05-28 12:55:16] [AIOS-Scenario-Replies-Sync] [OK] exit_code=0
[2026-05-28 12:55:17] [AIOS-Scenario-Replies-Sync] [OK] foreground restored: YourChronicle
[2026-05-28 12:55:17] [AIOS-Scenario-Replies-Sync] [END] elapsed_ms=14743
[2026-05-28 13:00:02] [AIOS-Tasks-Channel-Sync] [START] begin file=E:\workSpace\scripts\ops\do_sync_tasks_channel.ps1
[2026-05-28 13:00:02] [AIOS-Scenario-Replies-Sync] [START] begin file=E:\workSpace\scripts\ops\do_sync_scenario_replies.ps1
[2026-05-28 13:00:03] [AIOS-Tasks-Channel-Sync] [OK] exit_code=0
[2026-05-28 13:00:04] [AIOS-Tasks-Channel-Sync] [OK] foreground restored: YourChronicle
[2026-05-28 13:00:04] [AIOS-Tasks-Channel-Sync] [END] elapsed_ms=1994
[2026-05-28 13:00:17] [AIOS-Scenario-Replies-Sync] [OK] exit_code=0
[2026-05-28 13:00:18] [AIOS-Scenario-Replies-Sync] [OK] foreground restored: YourChronicle
[2026-05-28 13:00:18] [AIOS-Scenario-Replies-Sync] [END] elapsed_ms=16343
[2026-05-28 13:05:02] [AIOS-Scenario-Replies-Sync] [START] begin file=E:\workSpace\scripts\ops\do_sync_scenario_replies.ps1
[2026-05-28 13:05:17] [AIOS-Scenario-Replies-Sync] [OK] exit_code=0
[2026-05-28 13:05:17] [AIOS-Scenario-Replies-Sync] [OK] foreground restored: YourChronicle
[2026-05-28 13:05:17] [AIOS-Scenario-Replies-Sync] [END] elapsed_ms=14665
[2026-05-28 13:10:02] [AIOS-Scenario-Replies-Sync] [START] begin file=E:\workSpace\scripts\ops\do_sync_scenario_replies.ps1
[2026-05-28 13:10:16] [AIOS-Scenario-Replies-Sync] [OK] exit_code=0
[2026-05-28 13:10:17] [AIOS-Scenario-Replies-Sync] [OK] foreground restored: YourChronicle
[2026-05-28 13:10:17] [AIOS-Scenario-Replies-Sync] [END] elapsed_ms=14355
[2026-05-28 13:15:02] [AIOS-Scenario-Replies-Sync] [START] begin file=E:\workSpace\scripts\ops\do_sync_scenario_replies.ps1
[2026-05-28 13:15:18] [AIOS-Scenario-Replies-Sync] [OK] exit_code=0
[2026-05-28 13:15:18] [AIOS-Scenario-Replies-Sync] [OK] foreground restored: YourChronicle
[2026-05-28 13:15:18] [AIOS-Scenario-Replies-Sync] [END] elapsed_ms=16381
[2026-05-28 13:20:03] [AIOS-Scenario-Replies-Sync] [START] begin file=E:\workSpace\scripts\ops\do_sync_scenario_replies.ps1
[2026-05-28 13:20:17] [AIOS-Scenario-Replies-Sync] [OK] exit_code=0
[2026-05-28 13:20:17] [AIOS-Scenario-Replies-Sync] [OK] foreground restored: YourChronicle
[2026-05-28 13:20:17] [AIOS-Scenario-Replies-Sync] [END] elapsed_ms=14487
[2026-05-28 13:25:03] [AIOS-Scenario-Replies-Sync] [START] begin file=E:\workSpace\scripts\ops\do_sync_scenario_replies.ps1
[2026-05-28 13:25:19] [AIOS-Scenario-Replies-Sync] [OK] exit_code=0
[2026-05-28 13:25:19] [AIOS-Scenario-Replies-Sync] [OK] foreground restored: YourChronicle
[2026-05-28 13:25:19] [AIOS-Scenario-Replies-Sync] [END] elapsed_ms=15682
[2026-05-28 13:30:03] [AIOS-Scenario-Replies-Sync] [START] begin file=E:\workSpace\scripts\ops\do_sync_scenario_replies.ps1
[2026-05-28 13:30:20] [AIOS-Scenario-Replies-Sync] [OK] exit_code=0
[2026-05-28 13:30:20] [AIOS-Scenario-Replies-Sync] [OK] foreground restored: YourChronicle
[2026-05-28 13:30:20] [AIOS-Scenario-Replies-Sync] [END] elapsed_ms=17110
[2026-05-28 14:00:03] [AIOS-Tasks-Channel-Sync] [START] begin file=E:\workSpace\scripts\ops\do_sync_tasks_channel.ps1
[2026-05-28 14:00:04] [AIOS-Tasks-Channel-Sync] [OK] exit_code=0
[2026-05-28 14:00:05] [AIOS-Tasks-Channel-Sync] [OK] foreground restored: YourChronicle
[2026-05-28 14:00:05] [AIOS-Tasks-Channel-Sync] [END] elapsed_ms=2264
[2026-05-28 15:00:11] [AIOS-Tasks-Channel-Sync] [START] begin file=E:\workSpace\scripts\ops\do_sync_tasks_channel.ps1
[2026-05-28 15:00:12] [AIOS-Tasks-Channel-Sync] [OK] exit_code=0
[2026-05-28 15:00:13] [AIOS-Tasks-Channel-Sync] [OK] foreground restored: YourChronicle
[2026-05-28 15:00:13] [AIOS-Tasks-Channel-Sync] [END] elapsed_ms=2742
[2026-05-28 16:00:04] [AIOS-Tasks-Channel-Sync] [START] begin file=E:\workSpace\scripts\ops\do_sync_tasks_channel.ps1
[2026-05-28 16:00:05] [AIOS-Tasks-Channel-Sync] [OK] exit_code=0
[2026-05-28 16:00:05] [AIOS-Tasks-Channel-Sync] [OK] foreground restored: YourChronicle
[2026-05-28 16:00:05] [AIOS-Tasks-Channel-Sync] [END] elapsed_ms=1938
[2026-05-28 17:00:02] [AIOS-Inv-Evening] [START] begin file=E:\workSpace\scripts\ops\do_inv_evening_and_post.ps1
[2026-05-28 17:00:03] [AIOS-Tasks-Channel-Sync] [START] begin file=E:\workSpace\scripts\ops\do_sync_tasks_channel.ps1
[2026-05-28 17:00:04] [AIOS-Tasks-Channel-Sync] [OK] exit_code=0
[2026-05-28 17:00:05] [AIOS-Tasks-Channel-Sync] [OK] foreground restored: YourChronicle
[2026-05-28 17:00:05] [AIOS-Tasks-Channel-Sync] [END] elapsed_ms=1582
[2026-05-28 17:26:24] [AIOS-Inv-Evening] [ERROR] exit_code=1
[2026-05-28 17:26:24] [AIOS-Inv-Evening] [OK] foreground restored: YourChronicle
[2026-05-28 17:26:24] [AIOS-Inv-Evening] [END] elapsed_ms=1582198
[2026-05-28 18:00:03] [AIOS-Tasks-Channel-Sync] [START] begin file=E:\workSpace\scripts\ops\do_sync_tasks_channel.ps1
[2026-05-28 18:00:04] [AIOS-Tasks-Channel-Sync] [OK] exit_code=0
[2026-05-28 18:00:05] [AIOS-Tasks-Channel-Sync] [OK] foreground restored: YourChronicle
[2026-05-28 18:00:05] [AIOS-Tasks-Channel-Sync] [END] elapsed_ms=1791
[2026-05-28 19:00:04] [AIOS-Tasks-Channel-Sync] [START] begin file=E:\workSpace\scripts\ops\do_sync_tasks_channel.ps1
[2026-05-28 19:00:05] [AIOS-Tasks-Channel-Sync] [OK] exit_code=0
[2026-05-28 19:00:05] [AIOS-Tasks-Channel-Sync] [OK] foreground restored: YourChronicle
[2026-05-28 19:00:05] [AIOS-Tasks-Channel-Sync] [END] elapsed_ms=1826
[2026-05-28 20:00:03] [AIOS-Tasks-Channel-Sync] [START] begin file=E:\workSpace\scripts\ops\do_sync_tasks_channel.ps1
[2026-05-28 20:00:05] [AIOS-Tasks-Channel-Sync] [OK] exit_code=0
[2026-05-28 20:00:05] [AIOS-Tasks-Channel-Sync] [OK] foreground restored: YourChronicle
[2026-05-28 20:00:05] [AIOS-Tasks-Channel-Sync] [END] elapsed_ms=1665
[2026-05-28 21:00:01] [AIOS-Night] [START] begin file=E:\workSpace\scripts\ops\do_night_and_post_generic.ps1
[2026-05-28 21:00:03] [AIOS-Tasks-Channel-Sync] [START] begin file=E:\workSpace\scripts\ops\do_sync_tasks_channel.ps1
[2026-05-28 21:00:04] [AIOS-Tasks-Channel-Sync] [OK] exit_code=0
[2026-05-28 21:00:05] [AIOS-Tasks-Channel-Sync] [OK] foreground restored: YourChronicle
[2026-05-28 21:00:05] [AIOS-Tasks-Channel-Sync] [END] elapsed_ms=1729
[2026-05-28 21:20:03] [AIOS-Alert-Healthcheck] [START] begin file=E:\workSpace\scripts\ops\do_alert_and_post.ps1
[2026-05-28 21:20:06] [AIOS-Alert-Healthcheck] [ERROR] exit_code=2
[2026-05-28 21:20:07] [AIOS-Alert-Healthcheck] [OK] foreground restored: YourChronicle
[2026-05-28 21:20:07] [AIOS-Alert-Healthcheck] [END] elapsed_ms=3412
[2026-05-28 22:00:03] [AIOS-Tasks-Channel-Sync] [START] begin file=E:\workSpace\scripts\ops\do_sync_tasks_channel.ps1
[2026-05-28 22:00:04] [AIOS-Tasks-Channel-Sync] [OK] exit_code=0
[2026-05-28 22:00:05] [AIOS-Tasks-Channel-Sync] [OK] foreground restored: YourChronicle
[2026-05-28 22:00:05] [AIOS-Tasks-Channel-Sync] [END] elapsed_ms=2271
[2026-05-28 22:12:52] [AIOS-Night] [OK] exit_code=0
[2026-05-28 22:12:52] [AIOS-Night] [OK] foreground restored: YourChronicle
[2026-05-28 22:12:52] [AIOS-Night] [END] elapsed_ms=4370426
[2026-05-28 23:00:03] [AIOS-Tasks-Channel-Sync] [START] begin file=E:\workSpace\scripts\ops\do_sync_tasks_channel.ps1
[2026-05-28 23:00:04] [AIOS-Tasks-Channel-Sync] [OK] exit_code=0
[2026-05-28 23:00:05] [AIOS-Tasks-Channel-Sync] [OK] foreground restored: YourChronicle
[2026-05-28 23:00:05] [AIOS-Tasks-Channel-Sync] [END] elapsed_ms=1967
[2026-05-28 23:40:01] [AIOS-Data-Harvest] [START] begin cmd=Set-Location E:\workSpace; $d=(Get-Date -Format yyyy-MM-dd); py scripts/investment/collect/run_harvest_backfill.py --end-date $d --days 21 --discover-latest 120 --max-pages 120 --tdnet-max-items 800 --seed-list rough_backtest_full --max-signals 12 --max-long 6 --max-short 6; $LASTEXITCODE
[2026-05-29 00:00:02] [AIOS-Tasks-Channel-Sync] [START] begin file=E:\workSpace\scripts\ops\do_sync_tasks_channel.ps1
[2026-05-29 00:00:03] [AIOS-Tasks-Channel-Sync] [OK] exit_code=0
[2026-05-29 00:00:05] [AIOS-Tasks-Channel-Sync] [OK] foreground restored: YourChronicle
[2026-05-29 00:00:05] [AIOS-Tasks-Channel-Sync] [END] elapsed_ms=2683
[2026-05-29 01:00:03] [AIOS-Tasks-Channel-Sync] [START] begin file=E:\workSpace\scripts\ops\do_sync_tasks_channel.ps1
[2026-05-29 01:00:05] [AIOS-Tasks-Channel-Sync] [OK] exit_code=0
[2026-05-29 01:00:06] [AIOS-Tasks-Channel-Sync] [OK] foreground restored: YourChronicle
[2026-05-29 01:00:06] [AIOS-Tasks-Channel-Sync] [END] elapsed_ms=3295
[2026-05-29 02:00:03] [AIOS-Tasks-Channel-Sync] [START] begin file=E:\workSpace\scripts\ops\do_sync_tasks_channel.ps1
[2026-05-29 02:00:04] [AIOS-Tasks-Channel-Sync] [OK] exit_code=0
[2026-05-29 02:00:05] [AIOS-Tasks-Channel-Sync] [OK] foreground restored: YourChronicle
[2026-05-29 02:00:05] [AIOS-Tasks-Channel-Sync] [END] elapsed_ms=2207
[2026-05-29 03:00:03] [AIOS-Tasks-Channel-Sync] [START] begin file=E:\workSpace\scripts\ops\do_sync_tasks_channel.ps1
[2026-05-29 03:00:04] [AIOS-Tasks-Channel-Sync] [OK] exit_code=0
[2026-05-29 03:00:05] [AIOS-Tasks-Channel-Sync] [OK] foreground restored: YourChronicle
[2026-05-29 03:00:05] [AIOS-Tasks-Channel-Sync] [END] elapsed_ms=2302
[2026-05-29 04:00:03] [AIOS-Tasks-Channel-Sync] [START] begin file=E:\workSpace\scripts\ops\do_sync_tasks_channel.ps1
[2026-05-29 04:00:04] [AIOS-Tasks-Channel-Sync] [OK] exit_code=0
[2026-05-29 04:00:05] [AIOS-Tasks-Channel-Sync] [OK] foreground restored: YourChronicle
[2026-05-29 04:00:05] [AIOS-Tasks-Channel-Sync] [END] elapsed_ms=2224
[2026-05-29 05:00:03] [AIOS-Tasks-Channel-Sync] [START] begin file=E:\workSpace\scripts\ops\do_sync_tasks_channel.ps1
[2026-05-29 05:00:04] [AIOS-Tasks-Channel-Sync] [OK] exit_code=0
[2026-05-29 05:00:05] [AIOS-Tasks-Channel-Sync] [OK] foreground restored: YourChronicle
[2026-05-29 05:00:05] [AIOS-Tasks-Channel-Sync] [END] elapsed_ms=2420
[2026-05-29 06:00:03] [AIOS-Tasks-Channel-Sync] [START] begin file=E:\workSpace\scripts\ops\do_sync_tasks_channel.ps1
[2026-05-29 06:00:04] [AIOS-Tasks-Channel-Sync] [OK] exit_code=0
[2026-05-29 06:00:05] [AIOS-Tasks-Channel-Sync] [OK] foreground restored: YourChronicle
[2026-05-29 06:00:05] [AIOS-Tasks-Channel-Sync] [END] elapsed_ms=2244
[2026-05-29 06:30:41] [AIOS-Data-Harvest] [OK] exit_code=0
[2026-05-29 06:30:43] [AIOS-Data-Harvest] [OK] foreground restored: YourChronicle
[2026-05-29 06:30:43] [AIOS-Data-Harvest] [END] elapsed_ms=24642050
[2026-05-29 07:00:03] [AIOS-Tasks-Channel-Sync] [START] begin file=E:\workSpace\scripts\ops\do_sync_tasks_channel.ps1
[2026-05-29 07:00:04] [AIOS-Tasks-Channel-Sync] [OK] exit_code=0
[2026-05-29 07:00:05] [AIOS-Tasks-Channel-Sync] [OK] foreground restored: YourChronicle
[2026-05-29 07:00:05] [AIOS-Tasks-Channel-Sync] [END] elapsed_ms=1752
[2026-05-29 07:30:01] [AIOS-Inv-Morning] [START] begin file=E:\workSpace\scripts\ops\do_inv_morning_and_post.ps1
[2026-05-29 07:33:27] [AIOS-Inv-Morning] [ERROR] exit_code=1
[2026-05-29 07:33:28] [AIOS-Inv-Morning] [OK] foreground restored: YourChronicle
[2026-05-29 07:33:28] [AIOS-Inv-Morning] [END] elapsed_ms=207090
[2026-05-29 08:00:02] [AIOS-Tasks-Channel-Sync] [START] begin file=E:\workSpace\scripts\ops\do_sync_tasks_channel.ps1
[2026-05-29 08:00:04] [AIOS-Tasks-Channel-Sync] [OK] exit_code=0
[2026-05-29 08:00:05] [AIOS-Tasks-Channel-Sync] [OK] foreground restored: YourChronicle
[2026-05-29 08:00:05] [AIOS-Tasks-Channel-Sync] [END] elapsed_ms=2408
[2026-05-29 08:10:01] [AIOS-Inv-Scenario-0810] [START] begin file=E:\workSpace\scripts\ops\do_inv_scenario_and_post.ps1
[2026-05-29 08:10:09] [AIOS-Inv-Scenario-0810] [ERROR] exit_code=1
[2026-05-29 08:10:10] [AIOS-Inv-Scenario-0810] [OK] foreground restored: YourChronicle
[2026-05-29 08:10:10] [AIOS-Inv-Scenario-0810] [END] elapsed_ms=9466
[2026-05-29 09:00:03] [AIOS-Scenario-Replies-Sync] [START] begin file=E:\workSpace\scripts\ops\do_sync_scenario_replies.ps1
[2026-05-29 09:00:04] [AIOS-Tasks-Channel-Sync] [OK] exit_code=0
[2026-05-29 09:00:04] [AIOS-Tasks-Channel-Sync] [OK] foreground restored: YourChronicle
[2026-05-29 09:00:04] [AIOS-Tasks-Channel-Sync] [END] elapsed_ms=1637
[2026-05-29 09:00:22] [AIOS-Scenario-Replies-Sync] [OK] exit_code=0
[2026-05-29 09:00:23] [AIOS-Scenario-Replies-Sync] [OK] foreground restored: YourChronicle
[2026-05-29 09:00:23] [AIOS-Scenario-Replies-Sync] [END] elapsed_ms=20156
[2026-05-29 09:05:03] [AIOS-Scenario-Replies-Sync] [START] begin file=E:\workSpace\scripts\ops\do_sync_scenario_replies.ps1
[2026-05-29 09:05:19] [AIOS-Scenario-Replies-Sync] [OK] exit_code=0
[2026-05-29 09:05:19] [AIOS-Scenario-Replies-Sync] [OK] foreground restored: YourChronicle
[2026-05-29 09:05:19] [AIOS-Scenario-Replies-Sync] [END] elapsed_ms=15984
[2026-05-29 09:10:02] [AIOS-Scenario-Replies-Sync] [START] begin file=E:\workSpace\scripts\ops\do_sync_scenario_replies.ps1
[2026-05-29 09:10:22] [AIOS-Scenario-Replies-Sync] [OK] exit_code=0
[2026-05-29 09:10:23] [AIOS-Scenario-Replies-Sync] [OK] foreground restored: YourChronicle
[2026-05-29 09:10:23] [AIOS-Scenario-Replies-Sync] [END] elapsed_ms=20085
[2026-05-29 09:15:03] [AIOS-Scenario-Replies-Sync] [START] begin file=E:\workSpace\scripts\ops\do_sync_scenario_replies.ps1
[2026-05-29 09:15:19] [AIOS-Scenario-Replies-Sync] [OK] exit_code=0
[2026-05-29 09:15:20] [AIOS-Scenario-Replies-Sync] [OK] foreground restored: YourChronicle
[2026-05-29 09:15:20] [AIOS-Scenario-Replies-Sync] [END] elapsed_ms=17073
[2026-05-29 09:20:02] [AIOS-Scenario-Replies-Sync] [START] begin file=E:\workSpace\scripts\ops\do_sync_scenario_replies.ps1
[2026-05-29 09:20:18] [AIOS-Scenario-Replies-Sync] [OK] exit_code=0
[2026-05-29 09:20:19] [AIOS-Scenario-Replies-Sync] [OK] foreground restored: YourChronicle
[2026-05-29 09:20:19] [AIOS-Scenario-Replies-Sync] [END] elapsed_ms=16855
[2026-05-29 09:25:03] [AIOS-Scenario-Replies-Sync] [START] begin file=E:\workSpace\scripts\ops\do_sync_scenario_replies.ps1
[2026-05-29 09:25:20] [AIOS-Scenario-Replies-Sync] [OK] exit_code=0
[2026-05-29 09:25:21] [AIOS-Scenario-Replies-Sync] [OK] foreground restored: YourChronicle
[2026-05-29 09:25:21] [AIOS-Scenario-Replies-Sync] [END] elapsed_ms=18069
[2026-05-29 09:30:02] [AIOS-Scenario-Replies-Sync] [START] begin file=E:\workSpace\scripts\ops\do_sync_scenario_replies.ps1
[2026-05-29 09:30:18] [AIOS-Scenario-Replies-Sync] [OK] exit_code=0
[2026-05-29 09:30:19] [AIOS-Scenario-Replies-Sync] [OK] foreground restored: YourChronicle
[2026-05-29 09:30:19] [AIOS-Scenario-Replies-Sync] [END] elapsed_ms=16198
[2026-05-29 09:35:03] [AIOS-Scenario-Replies-Sync] [START] begin file=E:\workSpace\scripts\ops\do_sync_scenario_replies.ps1
[2026-05-29 09:35:18] [AIOS-Scenario-Replies-Sync] [OK] exit_code=0
[2026-05-29 09:35:19] [AIOS-Scenario-Replies-Sync] [OK] foreground restored: YourChronicle
[2026-05-29 09:35:19] [AIOS-Scenario-Replies-Sync] [END] elapsed_ms=15962
[2026-05-29 09:40:02] [AIOS-Scenario-Replies-Sync] [START] begin file=E:\workSpace\scripts\ops\do_sync_scenario_replies.ps1
[2026-05-29 09:40:18] [AIOS-Scenario-Replies-Sync] [OK] exit_code=0
[2026-05-29 09:40:19] [AIOS-Scenario-Replies-Sync] [OK] foreground restored: YourChronicle
[2026-05-29 09:40:19] [AIOS-Scenario-Replies-Sync] [END] elapsed_ms=16094
[2026-05-29 09:45:02] [AIOS-Scenario-Replies-Sync] [START] begin file=E:\workSpace\scripts\ops\do_sync_scenario_replies.ps1
[2026-05-29 09:45:19] [AIOS-Scenario-Replies-Sync] [OK] exit_code=0
[2026-05-29 09:45:19] [AIOS-Scenario-Replies-Sync] [OK] foreground restored: YourChronicle
[2026-05-29 09:45:19] [AIOS-Scenario-Replies-Sync] [END] elapsed_ms=16361
[2026-05-29 09:50:03] [AIOS-Scenario-Replies-Sync] [START] begin file=E:\workSpace\scripts\ops\do_sync_scenario_replies.ps1
[2026-05-29 09:50:19] [AIOS-Scenario-Replies-Sync] [OK] exit_code=0
[2026-05-29 09:50:19] [AIOS-Scenario-Replies-Sync] [OK] foreground restored: YourChronicle
[2026-05-29 09:50:20] [AIOS-Scenario-Replies-Sync] [END] elapsed_ms=16899
[2026-05-29 09:55:02] [AIOS-Scenario-Replies-Sync] [START] begin file=E:\workSpace\scripts\ops\do_sync_scenario_replies.ps1
[2026-05-29 09:55:18] [AIOS-Scenario-Replies-Sync] [OK] exit_code=0
[2026-05-29 09:55:19] [AIOS-Scenario-Replies-Sync] [OK] foreground restored: YourChronicle
[2026-05-29 09:55:19] [AIOS-Scenario-Replies-Sync] [END] elapsed_ms=16674
[2026-05-29 10:00:02] [AIOS-Tasks-Channel-Sync] [START] begin file=E:\workSpace\scripts\ops\do_sync_tasks_channel.ps1
[2026-05-29 10:00:02] [AIOS-Scenario-Replies-Sync] [START] begin file=E:\workSpace\scripts\ops\do_sync_scenario_replies.ps1
[2026-05-29 10:00:03] [AIOS-Tasks-Channel-Sync] [OK] exit_code=0
[2026-05-29 10:00:04] [AIOS-Tasks-Channel-Sync] [OK] foreground restored: YourChronicle
[2026-05-29 10:00:04] [AIOS-Tasks-Channel-Sync] [END] elapsed_ms=1255
[2026-05-29 10:00:21] [AIOS-Scenario-Replies-Sync] [OK] exit_code=0
[2026-05-29 10:00:21] [AIOS-Scenario-Replies-Sync] [OK] foreground restored: YourChronicle
[2026-05-29 10:00:21] [AIOS-Scenario-Replies-Sync] [END] elapsed_ms=18767
[2026-05-29 11:00:03] [AIOS-Tasks-Channel-Sync] [START] begin file=E:\workSpace\scripts\ops\do_sync_tasks_channel.ps1
[2026-05-29 11:00:04] [AIOS-Tasks-Channel-Sync] [OK] exit_code=0
[2026-05-29 11:00:05] [AIOS-Tasks-Channel-Sync] [OK] foreground restored: YourChronicle
[2026-05-29 11:00:05] [AIOS-Tasks-Channel-Sync] [END] elapsed_ms=1899
[2026-05-29 12:00:03] [AIOS-Tasks-Channel-Sync] [START] begin file=E:\workSpace\scripts\ops\do_sync_tasks_channel.ps1
[2026-05-29 12:00:04] [AIOS-Tasks-Channel-Sync] [OK] exit_code=0
[2026-05-29 12:00:06] [AIOS-Tasks-Channel-Sync] [OK] foreground restored: YourChronicle
[2026-05-29 12:00:06] [AIOS-Tasks-Channel-Sync] [END] elapsed_ms=3413
[2026-05-29 12:10:01] [AIOS-Inv-Noon] [START] begin file=E:\workSpace\scripts\ops\do_inv_noon_and_post.ps1
[2026-05-29 12:10:16] [AIOS-Inv-Noon] [ERROR] exit_code=1
[2026-05-29 12:10:17] [AIOS-Inv-Noon] [OK] foreground restored: YourChronicle
[2026-05-29 12:10:17] [AIOS-Inv-Noon] [END] elapsed_ms=15793
[2026-05-29 12:30:04] [AIOS-Scenario-Replies-Sync] [START] begin file=E:\workSpace\scripts\ops\do_sync_scenario_replies.ps1
[2026-05-29 12:30:20] [AIOS-Scenario-Replies-Sync] [OK] exit_code=0
[2026-05-29 12:30:21] [AIOS-Scenario-Replies-Sync] [OK] foreground restored: YourChronicle
[2026-05-29 12:30:21] [AIOS-Scenario-Replies-Sync] [END] elapsed_ms=16833
[2026-05-29 12:35:03] [AIOS-Scenario-Replies-Sync] [START] begin file=E:\workSpace\scripts\ops\do_sync_scenario_replies.ps1
[2026-05-29 12:35:18] [AIOS-Scenario-Replies-Sync] [OK] exit_code=0
[2026-05-29 12:35:18] [AIOS-Scenario-Replies-Sync] [OK] foreground restored: YourChronicle
[2026-05-29 12:35:18] [AIOS-Scenario-Replies-Sync] [END] elapsed_ms=15616
[2026-05-29 12:40:02] [AIOS-Scenario-Replies-Sync] [START] begin file=E:\workSpace\scripts\ops\do_sync_scenario_replies.ps1
[2026-05-29 12:40:18] [AIOS-Scenario-Replies-Sync] [OK] exit_code=0
[2026-05-29 12:40:19] [AIOS-Scenario-Replies-Sync] [OK] foreground restored: YourChronicle
[2026-05-29 12:40:19] [AIOS-Scenario-Replies-Sync] [END] elapsed_ms=16253
[2026-05-29 12:45:03] [AIOS-Scenario-Replies-Sync] [START] begin file=E:\workSpace\scripts\ops\do_sync_scenario_replies.ps1
[2026-05-29 12:45:19] [AIOS-Scenario-Replies-Sync] [OK] exit_code=0
[2026-05-29 12:45:19] [AIOS-Scenario-Replies-Sync] [OK] foreground restored: YourChronicle
[2026-05-29 12:45:19] [AIOS-Scenario-Replies-Sync] [END] elapsed_ms=15861
[2026-05-29 12:50:03] [AIOS-Scenario-Replies-Sync] [START] begin file=E:\workSpace\scripts\ops\do_sync_scenario_replies.ps1
[2026-05-29 12:50:19] [AIOS-Scenario-Replies-Sync] [OK] exit_code=0
[2026-05-29 12:50:20] [AIOS-Scenario-Replies-Sync] [OK] foreground restored: YourChronicle
[2026-05-29 12:50:20] [AIOS-Scenario-Replies-Sync] [END] elapsed_ms=16818
[2026-05-29 12:55:04] [AIOS-Scenario-Replies-Sync] [START] begin file=E:\workSpace\scripts\ops\do_sync_scenario_replies.ps1
[2026-05-29 12:55:20] [AIOS-Scenario-Replies-Sync] [OK] exit_code=0
[2026-05-29 12:55:21] [AIOS-Scenario-Replies-Sync] [OK] foreground restored: YourChronicle
[2026-05-29 12:55:21] [AIOS-Scenario-Replies-Sync] [END] elapsed_ms=17487
[2026-05-29 13:00:03] [AIOS-Tasks-Channel-Sync] [START] begin file=E:\workSpace\scripts\ops\do_sync_tasks_channel.ps1
[2026-05-29 13:00:04] [AIOS-Tasks-Channel-Sync] [OK] exit_code=0
[2026-05-29 13:00:05] [AIOS-Tasks-Channel-Sync] [OK] foreground restored: YourChronicle
[2026-05-29 13:00:05] [AIOS-Tasks-Channel-Sync] [END] elapsed_ms=1642
[2026-05-29 13:00:19] [AIOS-Scenario-Replies-Sync] [OK] exit_code=0
[2026-05-29 13:00:20] [AIOS-Scenario-Replies-Sync] [OK] foreground restored: YourChronicle
[2026-05-29 13:00:20] [AIOS-Scenario-Replies-Sync] [END] elapsed_ms=16368
[2026-05-29 13:05:04] [AIOS-Scenario-Replies-Sync] [START] begin file=E:\workSpace\scripts\ops\do_sync_scenario_replies.ps1
[2026-05-29 13:05:20] [AIOS-Scenario-Replies-Sync] [OK] exit_code=0
[2026-05-29 13:05:21] [AIOS-Scenario-Replies-Sync] [OK] foreground restored: YourChronicle
[2026-05-29 13:05:21] [AIOS-Scenario-Replies-Sync] [END] elapsed_ms=17356
[2026-05-29 13:10:03] [AIOS-Scenario-Replies-Sync] [START] begin file=E:\workSpace\scripts\ops\do_sync_scenario_replies.ps1
[2026-05-29 13:10:21] [AIOS-Scenario-Replies-Sync] [OK] exit_code=0
[2026-05-29 13:10:22] [AIOS-Scenario-Replies-Sync] [OK] foreground restored: YourChronicle
[2026-05-29 13:10:22] [AIOS-Scenario-Replies-Sync] [END] elapsed_ms=18544
[2026-05-29 13:15:06] [AIOS-Scenario-Replies-Sync] [START] begin file=E:\workSpace\scripts\ops\do_sync_scenario_replies.ps1
[2026-05-29 13:15:23] [AIOS-Scenario-Replies-Sync] [OK] exit_code=0
[2026-05-29 13:15:23] [AIOS-Scenario-Replies-Sync] [OK] foreground restored: YourChronicle
[2026-05-29 13:15:23] [AIOS-Scenario-Replies-Sync] [END] elapsed_ms=16807
[2026-05-29 13:20:04] [AIOS-Scenario-Replies-Sync] [START] begin file=E:\workSpace\scripts\ops\do_sync_scenario_replies.ps1
[2026-05-29 13:20:20] [AIOS-Scenario-Replies-Sync] [OK] exit_code=0
[2026-05-29 13:20:20] [AIOS-Scenario-Replies-Sync] [OK] foreground restored: YourChronicle
[2026-05-29 13:20:20] [AIOS-Scenario-Replies-Sync] [END] elapsed_ms=15930
[2026-05-29 13:25:04] [AIOS-Scenario-Replies-Sync] [START] begin file=E:\workSpace\scripts\ops\do_sync_scenario_replies.ps1
[2026-05-29 13:25:19] [AIOS-Scenario-Replies-Sync] [OK] exit_code=0
[2026-05-29 13:25:19] [AIOS-Scenario-Replies-Sync] [OK] foreground restored: YourChronicle
[2026-05-29 13:25:19] [AIOS-Scenario-Replies-Sync] [END] elapsed_ms=15862
[2026-05-29 13:30:04] [AIOS-Scenario-Replies-Sync] [START] begin file=E:\workSpace\scripts\ops\do_sync_scenario_replies.ps1
[2026-05-29 13:30:20] [AIOS-Scenario-Replies-Sync] [OK] exit_code=0
[2026-05-29 13:30:20] [AIOS-Scenario-Replies-Sync] [OK] foreground restored: YourChronicle
[2026-05-29 13:30:20] [AIOS-Scenario-Replies-Sync] [END] elapsed_ms=16932
[2026-05-29 14:00:03] [AIOS-Tasks-Channel-Sync] [START] begin file=E:\workSpace\scripts\ops\do_sync_tasks_channel.ps1
[2026-05-29 14:00:04] [AIOS-Tasks-Channel-Sync] [OK] exit_code=0
[2026-05-29 14:00:04] [AIOS-Tasks-Channel-Sync] [OK] foreground restored: YourChronicle
[2026-05-29 14:00:04] [AIOS-Tasks-Channel-Sync] [END] elapsed_ms=1759
[2026-05-29 15:00:03] [AIOS-Tasks-Channel-Sync] [START] begin file=E:\workSpace\scripts\ops\do_sync_tasks_channel.ps1
[2026-05-29 15:00:05] [AIOS-Tasks-Channel-Sync] [OK] exit_code=0
[2026-05-29 15:00:06] [AIOS-Tasks-Channel-Sync] [OK] foreground restored: YourChronicle
[2026-05-29 15:00:06] [AIOS-Tasks-Channel-Sync] [END] elapsed_ms=3085
[2026-05-29 16:00:03] [AIOS-Tasks-Channel-Sync] [START] begin file=E:\workSpace\scripts\ops\do_sync_tasks_channel.ps1
[2026-05-29 16:00:04] [AIOS-Tasks-Channel-Sync] [OK] exit_code=0
[2026-05-29 16:00:06] [AIOS-Tasks-Channel-Sync] [OK] foreground restored: YourChronicle
[2026-05-29 16:00:06] [AIOS-Tasks-Channel-Sync] [END] elapsed_ms=2855
[2026-05-29 17:00:02] [AIOS-Inv-Evening] [START] begin file=E:\workSpace\scripts\ops\do_inv_evening_and_post.ps1
[2026-05-29 17:00:02] [AIOS-Tasks-Channel-Sync] [START] begin file=E:\workSpace\scripts\ops\do_sync_tasks_channel.ps1
[2026-05-29 17:00:03] [AIOS-Tasks-Channel-Sync] [OK] exit_code=0
[2026-05-29 17:00:04] [AIOS-Tasks-Channel-Sync] [OK] foreground restored: YourChronicle
[2026-05-29 17:00:04] [AIOS-Tasks-Channel-Sync] [END] elapsed_ms=2382
[2026-05-29 17:31:38] [AIOS-Inv-Evening] [ERROR] exit_code=1
[2026-05-29 17:31:39] [AIOS-Inv-Evening] [OK] foreground restored: YourChronicle
[2026-05-29 17:31:39] [AIOS-Inv-Evening] [END] elapsed_ms=1897476
[2026-05-29 18:00:03] [AIOS-Tasks-Channel-Sync] [START] begin file=E:\workSpace\scripts\ops\do_sync_tasks_channel.ps1
[2026-05-29 18:00:04] [AIOS-Tasks-Channel-Sync] [OK] exit_code=0
[2026-05-29 18:00:04] [AIOS-Tasks-Channel-Sync] [OK] foreground restored: YourChronicle
[2026-05-29 18:00:04] [AIOS-Tasks-Channel-Sync] [END] elapsed_ms=1539
[2026-05-29 19:00:02] [AIOS-Tasks-Channel-Sync] [START] begin file=E:\workSpace\scripts\ops\do_sync_tasks_channel.ps1
[2026-05-29 19:00:04] [AIOS-Tasks-Channel-Sync] [OK] exit_code=0
[2026-05-29 19:00:05] [AIOS-Tasks-Channel-Sync] [OK] foreground restored: YourChronicle
[2026-05-29 19:00:05] [AIOS-Tasks-Channel-Sync] [END] elapsed_ms=2224
[2026-05-29 20:00:03] [AIOS-Tasks-Channel-Sync] [START] begin file=E:\workSpace\scripts\ops\do_sync_tasks_channel.ps1
[2026-05-29 20:00:04] [AIOS-Tasks-Channel-Sync] [OK] exit_code=0
[2026-05-29 20:00:05] [AIOS-Tasks-Channel-Sync] [OK] foreground restored: YourChronicle
[2026-05-29 20:00:05] [AIOS-Tasks-Channel-Sync] [END] elapsed_ms=2463
[2026-05-29 21:00:01] [AIOS-Night] [START] begin file=E:\workSpace\scripts\ops\do_night_and_post_generic.ps1
[2026-05-29 21:00:02] [AIOS-Tasks-Channel-Sync] [START] begin file=E:\workSpace\scripts\ops\do_sync_tasks_channel.ps1
[2026-05-29 21:00:03] [AIOS-Tasks-Channel-Sync] [OK] exit_code=0
[2026-05-29 21:00:04] [AIOS-Tasks-Channel-Sync] [OK] foreground restored: YourChronicle
[2026-05-29 21:00:04] [AIOS-Tasks-Channel-Sync] [END] elapsed_ms=2029
[2026-05-29 21:20:01] [AIOS-Alert-Healthcheck] [START] begin file=E:\workSpace\scripts\ops\do_alert_and_post.ps1
[2026-05-29 21:20:05] [AIOS-Alert-Healthcheck] [ERROR] exit_code=2
[2026-05-29 21:20:06] [AIOS-Alert-Healthcheck] [OK] foreground restored: YourChronicle
[2026-05-29 21:20:06] [AIOS-Alert-Healthcheck] [END] elapsed_ms=4585
[2026-05-29 22:00:04] [AIOS-Tasks-Channel-Sync] [START] begin file=E:\workSpace\scripts\ops\do_sync_tasks_channel.ps1
[2026-05-29 22:00:06] [AIOS-Tasks-Channel-Sync] [OK] exit_code=0
[2026-05-29 22:00:06] [AIOS-Tasks-Channel-Sync] [OK] foreground restored: YourChronicle
[2026-05-29 22:00:06] [AIOS-Tasks-Channel-Sync] [END] elapsed_ms=2040
[2026-05-29 23:00:03] [AIOS-Tasks-Channel-Sync] [START] begin file=E:\workSpace\scripts\ops\do_sync_tasks_channel.ps1
[2026-05-29 23:00:04] [AIOS-Tasks-Channel-Sync] [OK] exit_code=0
[2026-05-29 23:00:04] [AIOS-Tasks-Channel-Sync] [OK] foreground restored: YourChronicle
[2026-05-29 23:00:04] [AIOS-Tasks-Channel-Sync] [END] elapsed_ms=1898
[2026-05-29 23:01:43] [AIOS-Night] [WARN] previous run may be incomplete (last START has no END)
[2026-05-29 23:01:43] [AIOS-Night] [START] begin file=E:\workSpace\scripts\ops\do_night_and_post_generic.ps1
[2026-05-29 23:01:52] [AIOS-Night] [OK] exit_code=0
[2026-05-29 23:01:53] [AIOS-Night] [OK] foreground restored: YourChronicle
[2026-05-29 23:01:53] [AIOS-Night] [END] elapsed_ms=9476
[2026-05-29 23:08:30] [AIOS-Inv-Heavy-2000] [START] begin file=E:\workSpace\scripts\ops\do_inv_heavy_and_post.ps1
[2026-05-29 23:40:02] [AIOS-Data-Harvest] [START] begin cmd=Set-Location E:\workSpace; $d=(Get-Date -Format yyyy-MM-dd); py scripts/investment/collect/run_harvest_backfill.py --end-date $d --days 21 --discover-latest 120 --max-pages 120 --tdnet-max-items 800 --seed-list rough_backtest_full --max-signals 12 --max-long 6 --max-short 6; $LASTEXITCODE
[2026-05-30 00:00:03] [AIOS-Tasks-Channel-Sync] [START] begin file=E:\workSpace\scripts\ops\do_sync_tasks_channel.ps1
[2026-05-30 00:00:04] [AIOS-Tasks-Channel-Sync] [OK] exit_code=0
[2026-05-30 00:00:05] [AIOS-Tasks-Channel-Sync] [OK] foreground restored: YourChronicle
[2026-05-30 00:00:05] [AIOS-Tasks-Channel-Sync] [END] elapsed_ms=2471
[2026-05-30 01:00:03] [AIOS-Tasks-Channel-Sync] [START] begin file=E:\workSpace\scripts\ops\do_sync_tasks_channel.ps1
[2026-05-30 01:00:05] [AIOS-Tasks-Channel-Sync] [OK] exit_code=0
[2026-05-30 01:00:06] [AIOS-Tasks-Channel-Sync] [OK] foreground restored: YourChronicle
[2026-05-30 01:00:06] [AIOS-Tasks-Channel-Sync] [END] elapsed_ms=2873
[2026-05-30 02:00:03] [AIOS-Tasks-Channel-Sync] [START] begin file=E:\workSpace\scripts\ops\do_sync_tasks_channel.ps1
[2026-05-30 02:00:04] [AIOS-Tasks-Channel-Sync] [OK] exit_code=0
[2026-05-30 02:00:06] [AIOS-Tasks-Channel-Sync] [OK] foreground restored: YourChronicle
[2026-05-30 02:00:06] [AIOS-Tasks-Channel-Sync] [END] elapsed_ms=2237
[2026-05-30 03:00:04] [AIOS-Tasks-Channel-Sync] [START] begin file=E:\workSpace\scripts\ops\do_sync_tasks_channel.ps1
[2026-05-30 03:00:05] [AIOS-Tasks-Channel-Sync] [OK] exit_code=0
[2026-05-30 03:00:06] [AIOS-Tasks-Channel-Sync] [OK] foreground restored: YourChronicle
[2026-05-30 03:00:06] [AIOS-Tasks-Channel-Sync] [END] elapsed_ms=2364
[2026-05-30 04:25:24] [AIOS-Tasks-Channel-Sync] [START] begin file=E:\workSpace\scripts\ops\do_sync_tasks_channel.ps1
[2026-05-30 04:25:27] [AIOS-Tasks-Channel-Sync] [OK] exit_code=0
[2026-05-30 04:25:29] [AIOS-Tasks-Channel-Sync] [OK] foreground restored: YourChronicle
[2026-05-30 04:25:29] [AIOS-Tasks-Channel-Sync] [END] elapsed_ms=4879
[2026-05-30 05:25:12] [AIOS-Tasks-Channel-Sync] [START] begin file=E:\workSpace\scripts\ops\do_sync_tasks_channel.ps1
[2026-05-30 05:25:13] [AIOS-Tasks-Channel-Sync] [OK] exit_code=0
[2026-05-30 05:25:14] [AIOS-Tasks-Channel-Sync] [OK] foreground restored: YourChronicle
[2026-05-30 05:25:14] [AIOS-Tasks-Channel-Sync] [END] elapsed_ms=2170
[2026-05-30 07:02:52] [AIOS-Tasks-Channel-Sync] [START] begin file=E:\workSpace\scripts\ops\do_sync_tasks_channel.ps1
[2026-05-30 07:02:57] [AIOS-Tasks-Channel-Sync] [OK] exit_code=0
[2026-05-30 07:02:57] [AIOS-Tasks-Channel-Sync] [OK] foreground restored: YourChronicle
[2026-05-30 07:02:58] [AIOS-Tasks-Channel-Sync] [END] elapsed_ms=4781
[2026-05-30 07:30:01] [AIOS-Inv-Morning] [START] begin file=E:\workSpace\scripts\ops\do_inv_morning_and_post.ps1
[2026-05-30 07:33:31] [AIOS-Inv-Morning] [ERROR] exit_code=1
[2026-05-30 07:33:32] [AIOS-Inv-Morning] [OK] foreground restored: YourChronicle
[2026-05-30 07:33:32] [AIOS-Inv-Morning] [END] elapsed_ms=211124
[2026-05-30 08:00:02] [AIOS-Tasks-Channel-Sync] [START] begin file=E:\workSpace\scripts\ops\do_sync_tasks_channel.ps1
[2026-05-30 08:00:03] [AIOS-Tasks-Channel-Sync] [OK] exit_code=0
[2026-05-30 08:00:04] [AIOS-Tasks-Channel-Sync] [OK] foreground restored: YourChronicle
[2026-05-30 08:00:04] [AIOS-Tasks-Channel-Sync] [END] elapsed_ms=2152
[2026-05-30 08:20:23] [AIOS-Inv-Heavy-2000] [OK] exit_code=0
[2026-05-30 08:20:24] [AIOS-Inv-Heavy-2000] [OK] foreground restored: YourChronicle
[2026-05-30 08:20:24] [AIOS-Inv-Heavy-2000] [END] elapsed_ms=33113277
[2026-05-30 09:09:41] [AIOS-Tasks-Channel-Sync] [START] begin file=E:\workSpace\scripts\ops\do_sync_tasks_channel.ps1
[2026-05-30 09:09:43] [AIOS-Tasks-Channel-Sync] [OK] exit_code=0
[2026-05-30 09:09:44] [AIOS-Tasks-Channel-Sync] [OK] foreground restored: YourChronicle
[2026-05-30 09:09:44] [AIOS-Tasks-Channel-Sync] [END] elapsed_ms=3718
[2026-05-30 09:26:51] [AIOS-Data-Harvest] [OK] exit_code=0
[2026-05-30 09:26:52] [AIOS-Data-Harvest] [OK] foreground restored: YourChronicle
[2026-05-30 09:26:52] [AIOS-Data-Harvest] [END] elapsed_ms=35209869
[2026-05-30 17:32:01] [AIOS-Scenario-Replies-Sync] [START] begin file=E:\workSpace\scripts\ops\do_sync_scenario_replies.ps1
[2026-05-30 17:32:07] [AIOS-Tasks-Channel-Sync] [OK] exit_code=0
[2026-05-30 17:32:09] [AIOS-Tasks-Channel-Sync] [OK] foreground restored: YourChronicle
[2026-05-30 17:32:09] [AIOS-Tasks-Channel-Sync] [END] elapsed_ms=6147
[2026-05-30 17:32:23] [AIOS-Scenario-Replies-Sync] [OK] exit_code=0
[2026-05-30 17:32:23] [AIOS-Scenario-Replies-Sync] [OK] foreground restored: YourChronicle
[2026-05-30 17:32:23] [AIOS-Scenario-Replies-Sync] [END] elapsed_ms=22306
[2026-05-30 17:32:35] [AIOS-Inv-Noon] [ERROR] exit_code=1
[2026-05-30 17:32:35] [AIOS-Inv-Noon] [OK] foreground restored: YourChronicle
[2026-05-30 17:32:35] [AIOS-Inv-Noon] [END] elapsed_ms=32506
[2026-05-30 17:36:31] [AIOS-Scenario-Replies-Sync] [START] begin file=E:\workSpace\scripts\ops\do_sync_scenario_replies.ps1
[2026-05-30 17:36:47] [AIOS-Scenario-Replies-Sync] [OK] exit_code=0
[2026-05-30 17:36:47] [AIOS-Scenario-Replies-Sync] [OK] foreground restored: YourChronicle
[2026-05-30 17:36:47] [AIOS-Scenario-Replies-Sync] [END] elapsed_ms=15445
[2026-05-30 17:41:31] [AIOS-Scenario-Replies-Sync] [START] begin file=E:\workSpace\scripts\ops\do_sync_scenario_replies.ps1
[2026-05-30 17:41:45] [AIOS-Scenario-Replies-Sync] [OK] exit_code=0
[2026-05-30 17:41:45] [AIOS-Scenario-Replies-Sync] [OK] foreground restored: YourChronicle
[2026-05-30 17:41:45] [AIOS-Scenario-Replies-Sync] [END] elapsed_ms=14400
[2026-05-30 17:46:30] [AIOS-Scenario-Replies-Sync] [START] begin file=E:\workSpace\scripts\ops\do_sync_scenario_replies.ps1
[2026-05-30 17:46:46] [AIOS-Scenario-Replies-Sync] [OK] exit_code=0
[2026-05-30 17:46:46] [AIOS-Scenario-Replies-Sync] [OK] foreground restored: YourChronicle
[2026-05-30 17:46:46] [AIOS-Scenario-Replies-Sync] [END] elapsed_ms=16064
[2026-05-30 17:51:30] [AIOS-Scenario-Replies-Sync] [START] begin file=E:\workSpace\scripts\ops\do_sync_scenario_replies.ps1
[2026-05-30 17:51:46] [AIOS-Scenario-Replies-Sync] [OK] exit_code=0
[2026-05-30 17:51:46] [AIOS-Scenario-Replies-Sync] [OK] foreground restored: YourChronicle
[2026-05-30 17:51:46] [AIOS-Scenario-Replies-Sync] [END] elapsed_ms=15415
[2026-05-30 17:56:30] [AIOS-Scenario-Replies-Sync] [START] begin file=E:\workSpace\scripts\ops\do_sync_scenario_replies.ps1
[2026-05-30 17:56:44] [AIOS-Scenario-Replies-Sync] [OK] exit_code=0
[2026-05-30 17:56:44] [AIOS-Scenario-Replies-Sync] [OK] foreground restored: YourChronicle
[2026-05-30 17:56:44] [AIOS-Scenario-Replies-Sync] [END] elapsed_ms=13671
[2026-05-30 18:00:03] [AIOS-Tasks-Channel-Sync] [START] begin file=E:\workSpace\scripts\ops\do_sync_tasks_channel.ps1
[2026-05-30 18:00:04] [AIOS-Tasks-Channel-Sync] [OK] exit_code=0
[2026-05-30 18:00:04] [AIOS-Tasks-Channel-Sync] [OK] foreground restored: YourChronicle
[2026-05-30 18:00:04] [AIOS-Tasks-Channel-Sync] [END] elapsed_ms=1360
[2026-05-30 18:01:31] [AIOS-Scenario-Replies-Sync] [START] begin file=E:\workSpace\scripts\ops\do_sync_scenario_replies.ps1
[2026-05-30 18:01:46] [AIOS-Scenario-Replies-Sync] [OK] exit_code=0
[2026-05-30 18:01:46] [AIOS-Scenario-Replies-Sync] [OK] foreground restored: YourChronicle
[2026-05-30 18:01:46] [AIOS-Scenario-Replies-Sync] [END] elapsed_ms=15151
[2026-05-30 18:06:41] [AIOS-Scenario-Replies-Sync] [START] begin file=E:\workSpace\scripts\ops\do_sync_scenario_replies.ps1
[2026-05-30 18:07:01] [AIOS-Scenario-Replies-Sync] [OK] exit_code=0
[2026-05-30 18:07:01] [AIOS-Scenario-Replies-Sync] [OK] foreground restored: YourChronicle
[2026-05-30 18:07:01] [AIOS-Scenario-Replies-Sync] [END] elapsed_ms=20688
[2026-05-30 18:11:31] [AIOS-Scenario-Replies-Sync] [START] begin file=E:\workSpace\scripts\ops\do_sync_scenario_replies.ps1
[2026-05-30 18:11:45] [AIOS-Scenario-Replies-Sync] [OK] exit_code=0
[2026-05-30 18:11:46] [AIOS-Scenario-Replies-Sync] [OK] foreground restored: YourChronicle
[2026-05-30 18:11:46] [AIOS-Scenario-Replies-Sync] [END] elapsed_ms=14371
[2026-05-30 18:16:31] [AIOS-Scenario-Replies-Sync] [START] begin file=E:\workSpace\scripts\ops\do_sync_scenario_replies.ps1
[2026-05-30 18:16:45] [AIOS-Scenario-Replies-Sync] [OK] exit_code=0
[2026-05-30 18:16:45] [AIOS-Scenario-Replies-Sync] [OK] foreground restored: YourChronicle
[2026-05-30 18:16:45] [AIOS-Scenario-Replies-Sync] [END] elapsed_ms=14108
[2026-05-30 18:19:54] [AIOS-Inv-Evening] [ERROR] exit_code=1
[2026-05-30 18:19:55] [AIOS-Inv-Evening] [OK] foreground restored: YourChronicle
[2026-05-30 18:19:55] [AIOS-Inv-Evening] [END] elapsed_ms=2872177
[2026-05-30 19:23:30] [AIOS-Scenario-Replies-Sync] [START] begin file=E:\workSpace\scripts\ops\do_sync_scenario_replies.ps1
[2026-05-30 19:23:33] [AIOS-Tasks-Channel-Sync] [OK] exit_code=0
[2026-05-30 19:23:34] [AIOS-Tasks-Channel-Sync] [OK] foreground restored: YourChronicle
[2026-05-30 19:23:34] [AIOS-Tasks-Channel-Sync] [END] elapsed_ms=1542
[2026-05-30 19:23:47] [AIOS-Scenario-Replies-Sync] [OK] exit_code=0
[2026-05-30 19:23:48] [AIOS-Scenario-Replies-Sync] [OK] foreground restored: YourChronicle
[2026-05-30 19:23:48] [AIOS-Scenario-Replies-Sync] [END] elapsed_ms=17233
[2026-05-30 19:24:07] [AIOS-Night] [OK] exit_code=0
[2026-05-30 19:24:07] [AIOS-Night] [OK] foreground restored: YourChronicle
[2026-05-30 19:24:07] [AIOS-Night] [END] elapsed_ms=35321
[2026-05-30 19:26:31] [AIOS-Scenario-Replies-Sync] [START] begin file=E:\workSpace\scripts\ops\do_sync_scenario_replies.ps1
[2026-05-30 19:26:46] [AIOS-Scenario-Replies-Sync] [OK] exit_code=0
[2026-05-30 19:26:47] [AIOS-Scenario-Replies-Sync] [OK] foreground restored: YourChronicle
[2026-05-30 19:26:47] [AIOS-Scenario-Replies-Sync] [END] elapsed_ms=15295
[2026-05-30 19:31:30] [AIOS-Scenario-Replies-Sync] [START] begin file=E:\workSpace\scripts\ops\do_sync_scenario_replies.ps1
[2026-05-30 19:31:46] [AIOS-Scenario-Replies-Sync] [OK] exit_code=0
[2026-05-30 19:31:46] [AIOS-Scenario-Replies-Sync] [OK] foreground restored: YourChronicle
[2026-05-30 19:31:46] [AIOS-Scenario-Replies-Sync] [END] elapsed_ms=16084
[2026-05-30 20:00:01] [AIOS-Inv-Heavy-2000] [START] begin file=E:\workSpace\scripts\ops\do_inv_heavy_and_post.ps1
[2026-05-30 20:00:02] [AIOS-Tasks-Channel-Sync] [START] begin file=E:\workSpace\scripts\ops\do_sync_tasks_channel.ps1
[2026-05-30 20:00:03] [AIOS-Tasks-Channel-Sync] [OK] exit_code=0
[2026-05-30 20:00:03] [AIOS-Tasks-Channel-Sync] [OK] foreground restored: YourChronicle
[2026-05-30 20:00:03] [AIOS-Tasks-Channel-Sync] [END] elapsed_ms=1452
[2026-05-30 21:00:02] [AIOS-Tasks-Channel-Sync] [START] begin file=E:\workSpace\scripts\ops\do_sync_tasks_channel.ps1
[2026-05-30 21:00:03] [AIOS-Tasks-Channel-Sync] [OK] exit_code=0
[2026-05-30 21:00:05] [AIOS-Tasks-Channel-Sync] [OK] foreground restored: YourChronicle
[2026-05-30 21:00:05] [AIOS-Tasks-Channel-Sync] [END] elapsed_ms=2267
[2026-05-30 21:20:01] [AIOS-Alert-Healthcheck] [START] begin file=E:\workSpace\scripts\ops\do_alert_and_post.ps1
[2026-05-30 21:20:03] [AIOS-Alert-Healthcheck] [ERROR] exit_code=2
[2026-05-30 21:20:05] [AIOS-Alert-Healthcheck] [OK] foreground restored: YourChronicle
[2026-05-30 21:20:05] [AIOS-Alert-Healthcheck] [END] elapsed_ms=3543
[2026-05-30 22:00:03] [AIOS-Tasks-Channel-Sync] [START] begin file=E:\workSpace\scripts\ops\do_sync_tasks_channel.ps1
[2026-05-30 22:00:04] [AIOS-Tasks-Channel-Sync] [OK] exit_code=0
[2026-05-30 22:00:05] [AIOS-Tasks-Channel-Sync] [OK] foreground restored: YourChronicle
[2026-05-30 22:00:05] [AIOS-Tasks-Channel-Sync] [END] elapsed_ms=2089
[2026-05-30 23:00:03] [AIOS-Tasks-Channel-Sync] [START] begin file=E:\workSpace\scripts\ops\do_sync_tasks_channel.ps1
[2026-05-30 23:00:04] [AIOS-Tasks-Channel-Sync] [OK] exit_code=0
[2026-05-30 23:00:06] [AIOS-Tasks-Channel-Sync] [OK] foreground restored: YourChronicle
[2026-05-30 23:00:06] [AIOS-Tasks-Channel-Sync] [END] elapsed_ms=2649
[2026-05-30 23:40:01] [AIOS-Data-Harvest] [START] begin cmd=Set-Location E:\workSpace; $d=(Get-Date -Format yyyy-MM-dd); py scripts/investment/collect/run_harvest_backfill.py --end-date $d --days 21 --discover-latest 120 --max-pages 120 --tdnet-max-items 800 --seed-list rough_backtest_full --max-signals 12 --max-long 6 --max-short 6; $LASTEXITCODE
[2026-05-31 00:00:03] [AIOS-Tasks-Channel-Sync] [START] begin file=E:\workSpace\scripts\ops\do_sync_tasks_channel.ps1
[2026-05-31 00:00:04] [AIOS-Tasks-Channel-Sync] [OK] exit_code=0
[2026-05-31 00:00:06] [AIOS-Tasks-Channel-Sync] [OK] foreground restored: YourChronicle
[2026-05-31 00:00:06] [AIOS-Tasks-Channel-Sync] [END] elapsed_ms=2864
[2026-05-31 01:00:04] [AIOS-Tasks-Channel-Sync] [START] begin file=E:\workSpace\scripts\ops\do_sync_tasks_channel.ps1
[2026-05-31 01:00:06] [AIOS-Tasks-Channel-Sync] [OK] exit_code=0
[2026-05-31 01:00:07] [AIOS-Tasks-Channel-Sync] [OK] foreground restored: YourChronicle
[2026-05-31 01:00:07] [AIOS-Tasks-Channel-Sync] [END] elapsed_ms=2475
[2026-05-31 02:00:03] [AIOS-Tasks-Channel-Sync] [START] begin file=E:\workSpace\scripts\ops\do_sync_tasks_channel.ps1
[2026-05-31 02:00:05] [AIOS-Tasks-Channel-Sync] [OK] exit_code=0
[2026-05-31 02:00:06] [AIOS-Tasks-Channel-Sync] [OK] foreground restored: YourChronicle
[2026-05-31 02:00:06] [AIOS-Tasks-Channel-Sync] [END] elapsed_ms=2344
[2026-05-31 03:06:40] [AIOS-Tasks-Channel-Sync] [START] begin file=E:\workSpace\scripts\ops\do_sync_tasks_channel.ps1
[2026-05-31 03:06:40] [AIOS-Data-Harvest-Weekly-Recent30] [START] begin cmd=Set-Location E:\workSpace; py scripts/investment/collect/run_harvest_backfill.py --end-date 2026-05-30 --days 30; $LASTEXITCODE
[2026-05-31 03:06:45] [AIOS-Tasks-Channel-Sync] [OK] exit_code=0
[2026-05-31 03:06:47] [AIOS-Tasks-Channel-Sync] [OK] foreground restored: YourChronicle
[2026-05-31 03:06:47] [AIOS-Tasks-Channel-Sync] [END] elapsed_ms=7325
[2026-05-31 03:30:02] [AIOS-Backtest-Weekly] [START] begin cmd=Set-Location E:\workSpace; powershell -NoProfile -ExecutionPolicy Bypass -File E:\workSpace\scripts\ops\run_backtest_weekly_inner.ps1; $LASTEXITCODE
[2026-05-31 03:30:04] [AIOS-Backtest-Weekly] [ERROR] exit_code=1
[2026-05-31 03:30:04] [AIOS-Backtest-Weekly] [OK] foreground restored: YourChronicle
[2026-05-31 03:30:04] [AIOS-Backtest-Weekly] [END] elapsed_ms=1946
[2026-05-31 04:00:03] [AIOS-Tasks-Channel-Sync] [START] begin file=E:\workSpace\scripts\ops\do_sync_tasks_channel.ps1
[2026-05-31 04:00:04] [AIOS-Tasks-Channel-Sync] [OK] exit_code=0
[2026-05-31 04:00:05] [AIOS-Tasks-Channel-Sync] [OK] foreground restored: YourChronicle
[2026-05-31 04:00:05] [AIOS-Tasks-Channel-Sync] [END] elapsed_ms=1359
[2026-05-31 04:10:02] [AIOS-Data-Harvest-Weekly-Samples365] [START] begin cmd=Set-Location E:\workSpace; py scripts/investment/collect/run_harvest_backfill.py --end-date 2026-05-30 --days 365; $LASTEXITCODE
[2026-05-31 05:00:03] [AIOS-Tasks-Channel-Sync] [START] begin file=E:\workSpace\scripts\ops\do_sync_tasks_channel.ps1
[2026-05-31 05:00:04] [AIOS-Tasks-Channel-Sync] [OK] exit_code=0
[2026-05-31 05:00:04] [AIOS-Tasks-Channel-Sync] [OK] foreground restored: YourChronicle
[2026-05-31 05:00:04] [AIOS-Tasks-Channel-Sync] [END] elapsed_ms=1520
[2026-05-31 05:40:29] [AIOS-Inv-Heavy-2000] [OK] exit_code=0
[2026-05-31 05:40:30] [AIOS-Inv-Heavy-2000] [OK] foreground restored: YourChronicle
[2026-05-31 05:40:30] [AIOS-Inv-Heavy-2000] [END] elapsed_ms=34827326
[2026-05-31 06:00:03] [AIOS-Tasks-Channel-Sync] [START] begin file=E:\workSpace\scripts\ops\do_sync_tasks_channel.ps1
[2026-05-31 06:00:04] [AIOS-Tasks-Channel-Sync] [OK] exit_code=0
[2026-05-31 06:00:04] [AIOS-Tasks-Channel-Sync] [OK] foreground restored: YourChronicle
[2026-05-31 06:00:04] [AIOS-Tasks-Channel-Sync] [END] elapsed_ms=1343
[2026-05-31 07:00:04] [AIOS-Tasks-Channel-Sync] [START] begin file=E:\workSpace\scripts\ops\do_sync_tasks_channel.ps1
[2026-05-31 07:00:06] [AIOS-Tasks-Channel-Sync] [OK] exit_code=0
[2026-05-31 07:00:06] [AIOS-Tasks-Channel-Sync] [OK] foreground restored: YourChronicle
[2026-05-31 07:00:06] [AIOS-Tasks-Channel-Sync] [END] elapsed_ms=1555
[2026-05-31 07:30:02] [AIOS-Inv-Morning] [START] begin file=E:\workSpace\scripts\ops\do_inv_morning_and_post.ps1
[2026-05-31 07:33:36] [AIOS-Inv-Morning] [OK] exit_code=0
[2026-05-31 07:33:37] [AIOS-Inv-Morning] [OK] foreground restored: YourChronicle
[2026-05-31 07:33:37] [AIOS-Inv-Morning] [END] elapsed_ms=215598
[2026-05-31 07:37:28] [AIOS-Data-Harvest] [OK] exit_code=0
[2026-05-31 07:37:30] [AIOS-Data-Harvest] [OK] foreground restored: YourChronicle
[2026-05-31 07:37:30] [AIOS-Data-Harvest] [END] elapsed_ms=28647708
[2026-05-31 08:00:05] [AIOS-Tasks-Channel-Sync] [START] begin file=E:\workSpace\scripts\ops\do_sync_tasks_channel.ps1
[2026-05-31 08:00:06] [AIOS-Tasks-Channel-Sync] [OK] exit_code=0
[2026-05-31 08:00:07] [AIOS-Tasks-Channel-Sync] [OK] foreground restored: YourChronicle
[2026-05-31 08:00:07] [AIOS-Tasks-Channel-Sync] [END] elapsed_ms=2526
[2026-05-31 09:00:04] [AIOS-Scenario-Replies-Sync] [START] begin file=E:\workSpace\scripts\ops\do_sync_scenario_replies.ps1
[2026-05-31 09:00:05] [AIOS-Tasks-Channel-Sync] [OK] exit_code=0
[2026-05-31 09:00:05] [AIOS-Tasks-Channel-Sync] [OK] foreground restored: YourChronicle
[2026-05-31 09:00:05] [AIOS-Tasks-Channel-Sync] [END] elapsed_ms=1512
[2026-05-31 09:00:22] [AIOS-Scenario-Replies-Sync] [OK] exit_code=0
[2026-05-31 09:00:22] [AIOS-Scenario-Replies-Sync] [OK] foreground restored: YourChronicle
[2026-05-31 09:00:22] [AIOS-Scenario-Replies-Sync] [END] elapsed_ms=18217
[2026-05-31 09:05:04] [AIOS-Scenario-Replies-Sync] [START] begin file=E:\workSpace\scripts\ops\do_sync_scenario_replies.ps1
[2026-05-31 09:05:20] [AIOS-Scenario-Replies-Sync] [OK] exit_code=0
[2026-05-31 09:05:20] [AIOS-Scenario-Replies-Sync] [OK] foreground restored: YourChronicle
[2026-05-31 09:05:20] [AIOS-Scenario-Replies-Sync] [END] elapsed_ms=16371
[2026-05-31 09:10:03] [AIOS-Scenario-Replies-Sync] [START] begin file=E:\workSpace\scripts\ops\do_sync_scenario_replies.ps1
[2026-05-31 09:10:18] [AIOS-Scenario-Replies-Sync] [OK] exit_code=0
[2026-05-31 09:10:18] [AIOS-Scenario-Replies-Sync] [OK] foreground restored: YourChronicle
[2026-05-31 09:10:18] [AIOS-Scenario-Replies-Sync] [END] elapsed_ms=15085
[2026-05-31 09:15:04] [AIOS-Scenario-Replies-Sync] [START] begin file=E:\workSpace\scripts\ops\do_sync_scenario_replies.ps1
[2026-05-31 09:15:20] [AIOS-Scenario-Replies-Sync] [OK] exit_code=0
[2026-05-31 09:15:20] [AIOS-Scenario-Replies-Sync] [OK] foreground restored: YourChronicle
[2026-05-31 09:15:20] [AIOS-Scenario-Replies-Sync] [END] elapsed_ms=15884
[2026-05-31 09:20:04] [AIOS-Scenario-Replies-Sync] [START] begin file=E:\workSpace\scripts\ops\do_sync_scenario_replies.ps1
[2026-05-31 09:20:21] [AIOS-Scenario-Replies-Sync] [OK] exit_code=0
[2026-05-31 09:20:22] [AIOS-Scenario-Replies-Sync] [OK] foreground restored: YourChronicle
[2026-05-31 09:20:22] [AIOS-Scenario-Replies-Sync] [END] elapsed_ms=17269
[2026-05-31 09:25:04] [AIOS-Scenario-Replies-Sync] [START] begin file=E:\workSpace\scripts\ops\do_sync_scenario_replies.ps1
[2026-05-31 09:25:20] [AIOS-Scenario-Replies-Sync] [OK] exit_code=0
[2026-05-31 09:25:20] [AIOS-Scenario-Replies-Sync] [OK] foreground restored: YourChronicle
[2026-05-31 09:25:20] [AIOS-Scenario-Replies-Sync] [END] elapsed_ms=16131
[2026-05-31 09:30:04] [AIOS-Scenario-Replies-Sync] [START] begin file=E:\workSpace\scripts\ops\do_sync_scenario_replies.ps1
[2026-05-31 09:30:22] [AIOS-Scenario-Replies-Sync] [OK] exit_code=0
[2026-05-31 09:30:22] [AIOS-Scenario-Replies-Sync] [OK] foreground restored: YourChronicle
[2026-05-31 09:30:22] [AIOS-Scenario-Replies-Sync] [END] elapsed_ms=18094
[2026-05-31 09:35:04] [AIOS-Scenario-Replies-Sync] [START] begin file=E:\workSpace\scripts\ops\do_sync_scenario_replies.ps1
[2026-05-31 09:35:19] [AIOS-Scenario-Replies-Sync] [OK] exit_code=0
[2026-05-31 09:35:19] [AIOS-Scenario-Replies-Sync] [OK] foreground restored: YourChronicle
[2026-05-31 09:35:19] [AIOS-Scenario-Replies-Sync] [END] elapsed_ms=15437
[2026-05-31 09:40:04] [AIOS-Scenario-Replies-Sync] [START] begin file=E:\workSpace\scripts\ops\do_sync_scenario_replies.ps1
[2026-05-31 09:40:20] [AIOS-Scenario-Replies-Sync] [OK] exit_code=0
[2026-05-31 09:40:20] [AIOS-Scenario-Replies-Sync] [OK] foreground restored: YourChronicle
[2026-05-31 09:40:20] [AIOS-Scenario-Replies-Sync] [END] elapsed_ms=15899
[2026-05-31 09:45:04] [AIOS-Scenario-Replies-Sync] [START] begin file=E:\workSpace\scripts\ops\do_sync_scenario_replies.ps1
[2026-05-31 09:45:20] [AIOS-Scenario-Replies-Sync] [OK] exit_code=0
[2026-05-31 09:45:21] [AIOS-Scenario-Replies-Sync] [OK] foreground restored: YourChronicle
[2026-05-31 09:45:21] [AIOS-Scenario-Replies-Sync] [END] elapsed_ms=16847
[2026-05-31 09:50:04] [AIOS-Scenario-Replies-Sync] [START] begin file=E:\workSpace\scripts\ops\do_sync_scenario_replies.ps1
[2026-05-31 09:50:21] [AIOS-Scenario-Replies-Sync] [OK] exit_code=0
[2026-05-31 09:50:21] [AIOS-Scenario-Replies-Sync] [OK] foreground restored: YourChronicle
[2026-05-31 09:50:21] [AIOS-Scenario-Replies-Sync] [END] elapsed_ms=17135
[2026-05-31 09:55:04] [AIOS-Scenario-Replies-Sync] [START] begin file=E:\workSpace\scripts\ops\do_sync_scenario_replies.ps1
[2026-05-31 09:55:21] [AIOS-Scenario-Replies-Sync] [OK] exit_code=0
[2026-05-31 09:55:21] [AIOS-Scenario-Replies-Sync] [OK] foreground restored: YourChronicle
[2026-05-31 09:55:21] [AIOS-Scenario-Replies-Sync] [END] elapsed_ms=16980
[2026-05-31 10:00:03] [AIOS-Scenario-Replies-Sync] [START] begin file=E:\workSpace\scripts\ops\do_sync_scenario_replies.ps1
[2026-05-31 10:00:05] [AIOS-Tasks-Channel-Sync] [OK] exit_code=0
[2026-05-31 10:00:05] [AIOS-Tasks-Channel-Sync] [OK] foreground restored: YourChronicle
[2026-05-31 10:00:05] [AIOS-Tasks-Channel-Sync] [END] elapsed_ms=1455
[2026-05-31 10:00:20] [AIOS-Scenario-Replies-Sync] [OK] exit_code=0
[2026-05-31 10:00:20] [AIOS-Scenario-Replies-Sync] [OK] foreground restored: YourChronicle
[2026-05-31 10:00:20] [AIOS-Scenario-Replies-Sync] [END] elapsed_ms=16672
[2026-05-31 11:00:03] [AIOS-Tasks-Channel-Sync] [START] begin file=E:\workSpace\scripts\ops\do_sync_tasks_channel.ps1
[2026-05-31 11:00:05] [AIOS-Tasks-Channel-Sync] [OK] exit_code=0
[2026-05-31 11:00:06] [AIOS-Tasks-Channel-Sync] [OK] foreground restored: YourChronicle
[2026-05-31 11:00:06] [AIOS-Tasks-Channel-Sync] [END] elapsed_ms=2920
[2026-05-31 12:00:04] [AIOS-Tasks-Channel-Sync] [START] begin file=E:\workSpace\scripts\ops\do_sync_tasks_channel.ps1
[2026-05-31 12:00:06] [AIOS-Tasks-Channel-Sync] [OK] exit_code=0
[2026-05-31 12:00:07] [AIOS-Tasks-Channel-Sync] [OK] foreground restored: YourChronicle
[2026-05-31 12:00:07] [AIOS-Tasks-Channel-Sync] [END] elapsed_ms=3102
[2026-05-31 12:10:02] [AIOS-Inv-Noon] [START] begin file=E:\workSpace\scripts\ops\do_inv_noon_and_post.ps1
[2026-05-31 12:10:25] [AIOS-Inv-Noon] [OK] exit_code=0
[2026-05-31 12:10:26] [AIOS-Inv-Noon] [OK] foreground restored: YourChronicle
[2026-05-31 12:10:26] [AIOS-Inv-Noon] [END] elapsed_ms=23992
[2026-05-31 12:30:03] [AIOS-Scenario-Replies-Sync] [START] begin file=E:\workSpace\scripts\ops\do_sync_scenario_replies.ps1
[2026-05-31 12:30:23] [AIOS-Scenario-Replies-Sync] [OK] exit_code=0
[2026-05-31 12:30:24] [AIOS-Scenario-Replies-Sync] [OK] foreground restored: YourChronicle
[2026-05-31 12:30:24] [AIOS-Scenario-Replies-Sync] [END] elapsed_ms=20259
[2026-05-31 12:35:04] [AIOS-Scenario-Replies-Sync] [START] begin file=E:\workSpace\scripts\ops\do_sync_scenario_replies.ps1
[2026-05-31 12:35:22] [AIOS-Scenario-Replies-Sync] [OK] exit_code=0
[2026-05-31 12:35:22] [AIOS-Scenario-Replies-Sync] [OK] foreground restored: YourChronicle
[2026-05-31 12:35:22] [AIOS-Scenario-Replies-Sync] [END] elapsed_ms=17915
[2026-05-31 12:40:04] [AIOS-Scenario-Replies-Sync] [START] begin file=E:\workSpace\scripts\ops\do_sync_scenario_replies.ps1
[2026-05-31 12:40:20] [AIOS-Scenario-Replies-Sync] [OK] exit_code=0
[2026-05-31 12:40:20] [AIOS-Scenario-Replies-Sync] [OK] foreground restored: YourChronicle
[2026-05-31 12:40:20] [AIOS-Scenario-Replies-Sync] [END] elapsed_ms=16425
[2026-05-31 12:45:04] [AIOS-Scenario-Replies-Sync] [START] begin file=E:\workSpace\scripts\ops\do_sync_scenario_replies.ps1
[2026-05-31 12:45:20] [AIOS-Scenario-Replies-Sync] [OK] exit_code=0
[2026-05-31 12:45:20] [AIOS-Scenario-Replies-Sync] [OK] foreground restored: YourChronicle
[2026-05-31 12:45:20] [AIOS-Scenario-Replies-Sync] [END] elapsed_ms=16111
[2026-05-31 12:50:04] [AIOS-Scenario-Replies-Sync] [START] begin file=E:\workSpace\scripts\ops\do_sync_scenario_replies.ps1
[2026-05-31 12:50:20] [AIOS-Scenario-Replies-Sync] [OK] exit_code=0
[2026-05-31 12:50:21] [AIOS-Scenario-Replies-Sync] [OK] foreground restored: YourChronicle
[2026-05-31 12:50:21] [AIOS-Scenario-Replies-Sync] [END] elapsed_ms=16727
[2026-05-31 12:55:04] [AIOS-Scenario-Replies-Sync] [START] begin file=E:\workSpace\scripts\ops\do_sync_scenario_replies.ps1
[2026-05-31 12:55:20] [AIOS-Scenario-Replies-Sync] [OK] exit_code=0
[2026-05-31 12:55:20] [AIOS-Scenario-Replies-Sync] [OK] foreground restored: YourChronicle
[2026-05-31 12:55:20] [AIOS-Scenario-Replies-Sync] [END] elapsed_ms=16608
[2026-05-31 13:00:03] [AIOS-Scenario-Replies-Sync] [START] begin file=E:\workSpace\scripts\ops\do_sync_scenario_replies.ps1
[2026-05-31 13:00:04] [AIOS-Tasks-Channel-Sync] [OK] exit_code=0
[2026-05-31 13:00:04] [AIOS-Tasks-Channel-Sync] [OK] foreground restored: YourChronicle
[2026-05-31 13:00:04] [AIOS-Tasks-Channel-Sync] [END] elapsed_ms=1328
[2026-05-31 13:00:18] [AIOS-Scenario-Replies-Sync] [OK] exit_code=0
[2026-05-31 13:00:19] [AIOS-Scenario-Replies-Sync] [OK] foreground restored: YourChronicle
[2026-05-31 13:00:19] [AIOS-Scenario-Replies-Sync] [END] elapsed_ms=15804
[2026-05-31 13:05:04] [AIOS-Scenario-Replies-Sync] [START] begin file=E:\workSpace\scripts\ops\do_sync_scenario_replies.ps1
[2026-05-31 13:05:22] [AIOS-Scenario-Replies-Sync] [OK] exit_code=0
[2026-05-31 13:05:22] [AIOS-Scenario-Replies-Sync] [OK] foreground restored: YourChronicle
[2026-05-31 13:05:22] [AIOS-Scenario-Replies-Sync] [END] elapsed_ms=18491
[2026-05-31 13:10:04] [AIOS-Scenario-Replies-Sync] [START] begin file=E:\workSpace\scripts\ops\do_sync_scenario_replies.ps1
[2026-05-31 13:10:20] [AIOS-Scenario-Replies-Sync] [OK] exit_code=0
[2026-05-31 13:10:20] [AIOS-Scenario-Replies-Sync] [OK] foreground restored: YourChronicle
[2026-05-31 13:10:20] [AIOS-Scenario-Replies-Sync] [END] elapsed_ms=16188
[2026-05-31 13:15:04] [AIOS-Scenario-Replies-Sync] [START] begin file=E:\workSpace\scripts\ops\do_sync_scenario_replies.ps1
[2026-05-31 13:15:19] [AIOS-Scenario-Replies-Sync] [OK] exit_code=0
[2026-05-31 13:15:20] [AIOS-Scenario-Replies-Sync] [OK] foreground restored: YourChronicle
[2026-05-31 13:15:20] [AIOS-Scenario-Replies-Sync] [END] elapsed_ms=15867
[2026-05-31 13:20:04] [AIOS-Scenario-Replies-Sync] [START] begin file=E:\workSpace\scripts\ops\do_sync_scenario_replies.ps1
[2026-05-31 13:20:20] [AIOS-Scenario-Replies-Sync] [OK] exit_code=0
[2026-05-31 13:20:20] [AIOS-Scenario-Replies-Sync] [OK] foreground restored: YourChronicle
[2026-05-31 13:20:20] [AIOS-Scenario-Replies-Sync] [END] elapsed_ms=16696
[2026-05-31 13:25:04] [AIOS-Scenario-Replies-Sync] [START] begin file=E:\workSpace\scripts\ops\do_sync_scenario_replies.ps1
[2026-05-31 13:25:20] [AIOS-Scenario-Replies-Sync] [OK] exit_code=0
[2026-05-31 13:25:20] [AIOS-Scenario-Replies-Sync] [OK] foreground restored: YourChronicle
[2026-05-31 13:25:20] [AIOS-Scenario-Replies-Sync] [END] elapsed_ms=16504
[2026-05-31 13:27:16] [AIOS-Data-Harvest-Weekly-Recent30] [OK] exit_code=0
[2026-05-31 13:27:16] [AIOS-Data-Harvest-Weekly-Recent30] [OK] foreground restored: YourChronicle
[2026-05-31 13:27:16] [AIOS-Data-Harvest-Weekly-Recent30] [END] elapsed_ms=37233731
[2026-05-31 13:30:04] [AIOS-Scenario-Replies-Sync] [START] begin file=E:\workSpace\scripts\ops\do_sync_scenario_replies.ps1
[2026-05-31 13:30:21] [AIOS-Scenario-Replies-Sync] [OK] exit_code=0
[2026-05-31 13:30:21] [AIOS-Scenario-Replies-Sync] [OK] foreground restored: YourChronicle
[2026-05-31 13:30:21] [AIOS-Scenario-Replies-Sync] [END] elapsed_ms=17165
[2026-05-31 14:00:02] [AIOS-Tasks-Channel-Sync] [START] begin file=E:\workSpace\scripts\ops\do_sync_tasks_channel.ps1
[2026-05-31 14:00:04] [AIOS-Tasks-Channel-Sync] [OK] exit_code=0
[2026-05-31 14:00:05] [AIOS-Tasks-Channel-Sync] [OK] foreground restored: YourChronicle
[2026-05-31 14:00:05] [AIOS-Tasks-Channel-Sync] [END] elapsed_ms=2601
[2026-05-31 15:00:04] [AIOS-Tasks-Channel-Sync] [START] begin file=E:\workSpace\scripts\ops\do_sync_tasks_channel.ps1
[2026-05-31 15:00:05] [AIOS-Tasks-Channel-Sync] [OK] exit_code=0
[2026-05-31 15:00:06] [AIOS-Tasks-Channel-Sync] [OK] foreground restored: YourChronicle
[2026-05-31 15:00:06] [AIOS-Tasks-Channel-Sync] [END] elapsed_ms=2380
[2026-05-31 16:00:03] [AIOS-Tasks-Channel-Sync] [START] begin file=E:\workSpace\scripts\ops\do_sync_tasks_channel.ps1
[2026-05-31 16:00:05] [AIOS-Tasks-Channel-Sync] [OK] exit_code=0
[2026-05-31 16:00:06] [AIOS-Tasks-Channel-Sync] [OK] foreground restored: YourChronicle
[2026-05-31 16:00:06] [AIOS-Tasks-Channel-Sync] [END] elapsed_ms=2312
[2026-05-31 17:00:02] [AIOS-Inv-Evening] [START] begin file=E:\workSpace\scripts\ops\do_inv_evening_and_post.ps1
[2026-05-31 17:00:03] [AIOS-Tasks-Channel-Sync] [START] begin file=E:\workSpace\scripts\ops\do_sync_tasks_channel.ps1
[2026-05-31 17:00:04] [AIOS-Tasks-Channel-Sync] [OK] exit_code=0
[2026-05-31 17:00:05] [AIOS-Tasks-Channel-Sync] [OK] foreground restored: YourChronicle
[2026-05-31 17:00:05] [AIOS-Tasks-Channel-Sync] [END] elapsed_ms=1839
[2026-05-31 17:02:56] [AIOS-Inv-Evening] [OK] exit_code=0
[2026-05-31 17:02:58] [AIOS-Inv-Evening] [OK] foreground restored: YourChronicle
[2026-05-31 17:02:58] [AIOS-Inv-Evening] [END] elapsed_ms=175730
[2026-05-31 18:00:04] [AIOS-Tasks-Channel-Sync] [START] begin file=E:\workSpace\scripts\ops\do_sync_tasks_channel.ps1
[2026-05-31 18:00:05] [AIOS-Tasks-Channel-Sync] [OK] exit_code=0
[2026-05-31 18:00:07] [AIOS-Tasks-Channel-Sync] [OK] foreground restored: YourChronicle
[2026-05-31 18:00:07] [AIOS-Tasks-Channel-Sync] [END] elapsed_ms=2752
[2026-05-31 19:00:02] [AIOS-Night] [START] begin file=E:\workSpace\scripts\ops\do_night_and_post_generic.ps1
[2026-05-31 19:00:03] [AIOS-Tasks-Channel-Sync] [START] begin file=E:\workSpace\scripts\ops\do_sync_tasks_channel.ps1
[2026-05-31 19:00:05] [AIOS-Tasks-Channel-Sync] [OK] exit_code=0
[2026-05-31 19:00:05] [AIOS-Tasks-Channel-Sync] [OK] foreground restored: YourChronicle
[2026-05-31 19:00:05] [AIOS-Tasks-Channel-Sync] [END] elapsed_ms=2375
[2026-05-31 19:00:40] [AIOS-Night] [OK] exit_code=0
[2026-05-31 19:00:40] [AIOS-Night] [OK] foreground restored: YourChronicle
[2026-05-31 19:00:40] [AIOS-Night] [END] elapsed_ms=38230
[2026-05-31 20:00:02] [AIOS-Inv-Heavy-2000] [START] begin file=E:\workSpace\scripts\ops\do_inv_heavy_and_post.ps1
[2026-05-31 20:00:03] [AIOS-Tasks-Channel-Sync] [START] begin file=E:\workSpace\scripts\ops\do_sync_tasks_channel.ps1
[2026-05-31 20:00:05] [AIOS-Tasks-Channel-Sync] [OK] exit_code=0
[2026-05-31 20:00:05] [AIOS-Inv-Heavy-2000] [OK] exit_code=0
[2026-05-31 20:00:06] [AIOS-Tasks-Channel-Sync] [OK] foreground restored: YourChronicle
[2026-05-31 20:00:06] [AIOS-Inv-Heavy-2000] [OK] foreground restored: YourChronicle
[2026-05-31 20:00:06] [AIOS-Tasks-Channel-Sync] [END] elapsed_ms=2550
[2026-05-31 20:00:06] [AIOS-Inv-Heavy-2000] [END] elapsed_ms=3275
[2026-05-31 21:00:04] [AIOS-Tasks-Channel-Sync] [START] begin file=E:\workSpace\scripts\ops\do_sync_tasks_channel.ps1
[2026-05-31 21:00:06] [AIOS-Tasks-Channel-Sync] [OK] exit_code=0
[2026-05-31 21:00:06] [AIOS-Tasks-Channel-Sync] [OK] foreground restored: YourChronicle
[2026-05-31 21:00:06] [AIOS-Tasks-Channel-Sync] [END] elapsed_ms=2217
[2026-05-31 21:20:01] [AIOS-Alert-Healthcheck] [START] begin file=E:\workSpace\scripts\ops\do_alert_and_post.ps1
[2026-05-31 21:20:04] [AIOS-Alert-Healthcheck] [ERROR] exit_code=2
[2026-05-31 21:20:06] [AIOS-Alert-Healthcheck] [OK] foreground restored: YourChronicle
[2026-05-31 21:20:06] [AIOS-Alert-Healthcheck] [END] elapsed_ms=4565
[2026-05-31 22:00:06] [AIOS-Tasks-Channel-Sync] [START] begin file=E:\workSpace\scripts\ops\do_sync_tasks_channel.ps1
[2026-05-31 22:00:08] [AIOS-Tasks-Channel-Sync] [OK] exit_code=0
[2026-05-31 22:00:09] [AIOS-Tasks-Channel-Sync] [OK] foreground restored: YourChronicle
[2026-05-31 22:00:09] [AIOS-Tasks-Channel-Sync] [END] elapsed_ms=2633
[2026-05-31 23:00:04] [AIOS-Tasks-Channel-Sync] [START] begin file=E:\workSpace\scripts\ops\do_sync_tasks_channel.ps1
[2026-05-31 23:00:07] [AIOS-Tasks-Channel-Sync] [OK] exit_code=0
[2026-05-31 23:00:08] [AIOS-Tasks-Channel-Sync] [OK] foreground restored: YourChronicle
[2026-05-31 23:00:08] [AIOS-Tasks-Channel-Sync] [END] elapsed_ms=3544
[2026-05-31 23:40:02] [AIOS-Data-Harvest] [START] begin cmd=Set-Location E:\workSpace; $d=(Get-Date -Format yyyy-MM-dd); py scripts/investment/collect/run_harvest_backfill.py --end-date $d --days 21 --discover-latest 120 --max-pages 120 --tdnet-max-items 800 --seed-list rough_backtest_full --max-signals 12 --max-long 6 --max-short 6; $LASTEXITCODE
[2026-06-01 00:00:03] [AIOS-Tasks-Channel-Sync] [START] begin file=E:\workSpace\scripts\ops\do_sync_tasks_channel.ps1
[2026-06-01 00:00:05] [AIOS-Tasks-Channel-Sync] [OK] exit_code=0
[2026-06-01 00:00:06] [AIOS-Tasks-Channel-Sync] [OK] foreground restored: YourChronicle
[2026-06-01 00:00:06] [AIOS-Tasks-Channel-Sync] [END] elapsed_ms=3240
[2026-06-01 01:00:04] [AIOS-Tasks-Channel-Sync] [START] begin file=E:\workSpace\scripts\ops\do_sync_tasks_channel.ps1
[2026-06-01 01:00:06] [AIOS-Tasks-Channel-Sync] [OK] exit_code=0
[2026-06-01 01:00:07] [AIOS-Tasks-Channel-Sync] [OK] foreground restored: YourChronicle
[2026-06-01 01:00:07] [AIOS-Tasks-Channel-Sync] [END] elapsed_ms=2488
[2026-06-01 02:00:04] [AIOS-Tasks-Channel-Sync] [START] begin file=E:\workSpace\scripts\ops\do_sync_tasks_channel.ps1
[2026-06-01 02:00:06] [AIOS-Tasks-Channel-Sync] [OK] exit_code=0
[2026-06-01 02:00:07] [AIOS-Tasks-Channel-Sync] [OK] foreground restored: YourChronicle
[2026-06-01 02:00:07] [AIOS-Tasks-Channel-Sync] [END] elapsed_ms=3094
[2026-06-01 03:00:03] [AIOS-Tasks-Channel-Sync] [START] begin file=E:\workSpace\scripts\ops\do_sync_tasks_channel.ps1
[2026-06-01 03:00:04] [AIOS-Data-Harvest-Monthly-RotA] [START] begin cmd=Set-Location E:\workSpace; py scripts/investment/collect/run_harvest_backfill.py --end-date 2026-05-31 --days 60; $LASTEXITCODE
[2026-06-01 03:00:06] [AIOS-Tasks-Channel-Sync] [OK] exit_code=0
[2026-06-01 03:00:08] [AIOS-Tasks-Channel-Sync] [OK] foreground restored: YourChronicle
[2026-06-01 03:00:08] [AIOS-Tasks-Channel-Sync] [END] elapsed_ms=4351
[2026-06-01 04:00:03] [AIOS-Tasks-Channel-Sync] [START] begin file=E:\workSpace\scripts\ops\do_sync_tasks_channel.ps1
[2026-06-01 04:00:05] [AIOS-Tasks-Channel-Sync] [OK] exit_code=0
[2026-06-01 04:00:06] [AIOS-Tasks-Channel-Sync] [OK] foreground restored: YourChronicle
[2026-06-01 04:00:06] [AIOS-Tasks-Channel-Sync] [END] elapsed_ms=2454
[2026-06-01 05:00:04] [AIOS-Tasks-Channel-Sync] [START] begin file=E:\workSpace\scripts\ops\do_sync_tasks_channel.ps1
[2026-06-01 05:00:05] [AIOS-Tasks-Channel-Sync] [OK] exit_code=0
[2026-06-01 05:00:06] [AIOS-Tasks-Channel-Sync] [OK] foreground restored: YourChronicle
[2026-06-01 05:00:06] [AIOS-Tasks-Channel-Sync] [END] elapsed_ms=2598
[2026-06-01 06:00:04] [AIOS-Tasks-Channel-Sync] [START] begin file=E:\workSpace\scripts\ops\do_sync_tasks_channel.ps1
[2026-06-01 06:00:05] [AIOS-Tasks-Channel-Sync] [OK] exit_code=0
[2026-06-01 06:00:06] [AIOS-Tasks-Channel-Sync] [OK] foreground restored: YourChronicle
[2026-06-01 06:00:06] [AIOS-Tasks-Channel-Sync] [END] elapsed_ms=2275
[2026-06-01 07:00:04] [AIOS-Tasks-Channel-Sync] [START] begin file=E:\workSpace\scripts\ops\do_sync_tasks_channel.ps1
[2026-06-01 07:00:08] [AIOS-Tasks-Channel-Sync] [OK] exit_code=0
[2026-06-01 07:00:09] [AIOS-Tasks-Channel-Sync] [OK] foreground restored: YourChronicle
[2026-06-01 07:00:09] [AIOS-Tasks-Channel-Sync] [END] elapsed_ms=4698
[2026-06-01 07:30:02] [AIOS-Inv-Morning] [START] begin file=E:\workSpace\scripts\ops\do_inv_morning_and_post.ps1
[2026-06-01 07:34:03] [AIOS-Inv-Morning] [OK] exit_code=0
[2026-06-01 07:34:04] [AIOS-Inv-Morning] [OK] foreground restored: YourChronicle
[2026-06-01 07:34:04] [AIOS-Inv-Morning] [END] elapsed_ms=241781
[2026-06-01 07:45:09] [AIOS-Data-Harvest] [OK] exit_code=0
[2026-06-01 07:45:11] [AIOS-Data-Harvest] [OK] foreground restored: YourChronicle
[2026-06-01 07:45:11] [AIOS-Data-Harvest] [END] elapsed_ms=29109032
[2026-06-01 08:00:04] [AIOS-Tasks-Channel-Sync] [START] begin file=E:\workSpace\scripts\ops\do_sync_tasks_channel.ps1
[2026-06-01 08:00:06] [AIOS-Tasks-Channel-Sync] [OK] exit_code=0
[2026-06-01 08:00:06] [AIOS-Tasks-Channel-Sync] [OK] foreground restored: YourChronicle
[2026-06-01 08:00:06] [AIOS-Tasks-Channel-Sync] [END] elapsed_ms=1976
[2026-06-01 08:10:02] [AIOS-Inv-Scenario-0810] [START] begin file=E:\workSpace\scripts\ops\do_inv_scenario_and_post.ps1
[2026-06-01 08:11:13] [AIOS-Inv-Scenario-0810] [OK] exit_code=0
[2026-06-01 08:11:13] [AIOS-Inv-Scenario-0810] [OK] foreground restored: YourChronicle
[2026-06-01 08:11:13] [AIOS-Inv-Scenario-0810] [END] elapsed_ms=71703
[2026-06-01 09:00:04] [AIOS-Scenario-Replies-Sync] [START] begin file=E:\workSpace\scripts\ops\do_sync_scenario_replies.ps1
[2026-06-01 09:00:06] [AIOS-Tasks-Channel-Sync] [OK] exit_code=0
[2026-06-01 09:00:06] [AIOS-Tasks-Channel-Sync] [OK] foreground restored: YourChronicle
[2026-06-01 09:00:06] [AIOS-Tasks-Channel-Sync] [END] elapsed_ms=2093
[2026-06-01 09:00:28] [AIOS-Scenario-Replies-Sync] [OK] exit_code=0
[2026-06-01 09:00:28] [AIOS-Scenario-Replies-Sync] [OK] foreground restored: YourChronicle
[2026-06-01 09:00:28] [AIOS-Scenario-Replies-Sync] [END] elapsed_ms=24203
[2026-06-01 09:05:04] [AIOS-Scenario-Replies-Sync] [START] begin file=E:\workSpace\scripts\ops\do_sync_scenario_replies.ps1
[2026-06-01 09:05:24] [AIOS-Scenario-Replies-Sync] [OK] exit_code=0
[2026-06-01 09:05:25] [AIOS-Scenario-Replies-Sync] [OK] foreground restored: YourChronicle
[2026-06-01 09:05:25] [AIOS-Scenario-Replies-Sync] [END] elapsed_ms=20425
[2026-06-01 09:10:05] [AIOS-Scenario-Replies-Sync] [START] begin file=E:\workSpace\scripts\ops\do_sync_scenario_replies.ps1
[2026-06-01 09:10:27] [AIOS-Scenario-Replies-Sync] [OK] exit_code=0
[2026-06-01 09:10:27] [AIOS-Scenario-Replies-Sync] [OK] foreground restored: YourChronicle
[2026-06-01 09:10:27] [AIOS-Scenario-Replies-Sync] [END] elapsed_ms=22051
[2026-06-01 09:15:06] [AIOS-Scenario-Replies-Sync] [START] begin file=E:\workSpace\scripts\ops\do_sync_scenario_replies.ps1
[2026-06-01 09:15:28] [AIOS-Scenario-Replies-Sync] [OK] exit_code=0
[2026-06-01 09:15:29] [AIOS-Scenario-Replies-Sync] [OK] foreground restored: YourChronicle
[2026-06-01 09:15:29] [AIOS-Scenario-Replies-Sync] [END] elapsed_ms=23129
[2026-06-01 09:20:03] [AIOS-Scenario-Replies-Sync] [START] begin file=E:\workSpace\scripts\ops\do_sync_scenario_replies.ps1
[2026-06-01 09:20:24] [AIOS-Scenario-Replies-Sync] [OK] exit_code=0
[2026-06-01 09:20:25] [AIOS-Scenario-Replies-Sync] [OK] foreground restored: YourChronicle
[2026-06-01 09:20:25] [AIOS-Scenario-Replies-Sync] [END] elapsed_ms=21289
[2026-06-01 09:25:04] [AIOS-Scenario-Replies-Sync] [START] begin file=E:\workSpace\scripts\ops\do_sync_scenario_replies.ps1
[2026-06-01 09:25:23] [AIOS-Scenario-Replies-Sync] [OK] exit_code=0
[2026-06-01 09:25:23] [AIOS-Scenario-Replies-Sync] [OK] foreground restored: YourChronicle
[2026-06-01 09:25:23] [AIOS-Scenario-Replies-Sync] [END] elapsed_ms=18703
[2026-06-01 09:30:05] [AIOS-Scenario-Replies-Sync] [START] begin file=E:\workSpace\scripts\ops\do_sync_scenario_replies.ps1
[2026-06-01 09:30:25] [AIOS-Scenario-Replies-Sync] [OK] exit_code=0
[2026-06-01 09:30:25] [AIOS-Scenario-Replies-Sync] [OK] foreground restored: YourChronicle
[2026-06-01 09:30:25] [AIOS-Scenario-Replies-Sync] [END] elapsed_ms=20276
[2026-06-01 09:35:06] [AIOS-Scenario-Replies-Sync] [START] begin file=E:\workSpace\scripts\ops\do_sync_scenario_replies.ps1
[2026-06-01 09:35:26] [AIOS-Scenario-Replies-Sync] [OK] exit_code=0
[2026-06-01 09:35:27] [AIOS-Scenario-Replies-Sync] [OK] foreground restored: YourChronicle
[2026-06-01 09:35:27] [AIOS-Scenario-Replies-Sync] [END] elapsed_ms=21152
[2026-06-01 09:40:06] [AIOS-Scenario-Replies-Sync] [START] begin file=E:\workSpace\scripts\ops\do_sync_scenario_replies.ps1
[2026-06-01 09:40:27] [AIOS-Scenario-Replies-Sync] [OK] exit_code=0
[2026-06-01 09:40:28] [AIOS-Scenario-Replies-Sync] [OK] foreground restored: YourChronicle
[2026-06-01 09:40:28] [AIOS-Scenario-Replies-Sync] [END] elapsed_ms=22722
[2026-06-01 09:45:05] [AIOS-Scenario-Replies-Sync] [START] begin file=E:\workSpace\scripts\ops\do_sync_scenario_replies.ps1
[2026-06-01 09:45:26] [AIOS-Scenario-Replies-Sync] [OK] exit_code=0
[2026-06-01 09:45:27] [AIOS-Scenario-Replies-Sync] [OK] foreground restored: YourChronicle
[2026-06-01 09:45:27] [AIOS-Scenario-Replies-Sync] [END] elapsed_ms=21921
[2026-06-01 09:50:04] [AIOS-Scenario-Replies-Sync] [START] begin file=E:\workSpace\scripts\ops\do_sync_scenario_replies.ps1
[2026-06-01 09:50:25] [AIOS-Scenario-Replies-Sync] [OK] exit_code=0
[2026-06-01 09:50:26] [AIOS-Scenario-Replies-Sync] [OK] foreground restored: YourChronicle
[2026-06-01 09:50:26] [AIOS-Scenario-Replies-Sync] [END] elapsed_ms=22386
[2026-06-01 09:55:05] [AIOS-Scenario-Replies-Sync] [START] begin file=E:\workSpace\scripts\ops\do_sync_scenario_replies.ps1
[2026-06-01 09:55:25] [AIOS-Scenario-Replies-Sync] [OK] exit_code=0
[2026-06-01 09:55:26] [AIOS-Scenario-Replies-Sync] [OK] foreground restored: YourChronicle
[2026-06-01 09:55:26] [AIOS-Scenario-Replies-Sync] [END] elapsed_ms=20802
[2026-06-01 10:00:04] [AIOS-Scenario-Replies-Sync] [START] begin file=E:\workSpace\scripts\ops\do_sync_scenario_replies.ps1
[2026-06-01 10:00:05] [AIOS-Tasks-Channel-Sync] [OK] exit_code=0
[2026-06-01 10:00:06] [AIOS-Tasks-Channel-Sync] [OK] foreground restored: YourChronicle
[2026-06-01 10:00:06] [AIOS-Tasks-Channel-Sync] [END] elapsed_ms=1496
[2026-06-01 10:00:25] [AIOS-Scenario-Replies-Sync] [OK] exit_code=0
[2026-06-01 10:00:26] [AIOS-Scenario-Replies-Sync] [OK] foreground restored: YourChronicle
[2026-06-01 10:00:26] [AIOS-Scenario-Replies-Sync] [END] elapsed_ms=22056
[2026-06-01 11:00:05] [AIOS-Tasks-Channel-Sync] [START] begin file=E:\workSpace\scripts\ops\do_sync_tasks_channel.ps1
[2026-06-01 11:00:07] [AIOS-Tasks-Channel-Sync] [OK] exit_code=0
[2026-06-01 11:00:07] [AIOS-Tasks-Channel-Sync] [OK] foreground restored: YourChronicle
[2026-06-01 11:00:07] [AIOS-Tasks-Channel-Sync] [END] elapsed_ms=1545
[2026-06-01 12:00:04] [AIOS-Tasks-Channel-Sync] [START] begin file=E:\workSpace\scripts\ops\do_sync_tasks_channel.ps1
[2026-06-01 12:00:05] [AIOS-Tasks-Channel-Sync] [OK] exit_code=0
[2026-06-01 12:00:06] [AIOS-Tasks-Channel-Sync] [OK] foreground restored: YourChronicle
[2026-06-01 12:00:06] [AIOS-Tasks-Channel-Sync] [END] elapsed_ms=2226
[2026-06-01 12:10:03] [AIOS-Inv-Noon] [START] begin file=E:\workSpace\scripts\ops\do_inv_noon_and_post.ps1
[2026-06-01 12:10:38] [AIOS-Inv-Noon] [OK] exit_code=0
[2026-06-01 12:10:40] [AIOS-Inv-Noon] [OK] foreground restored: YourChronicle
[2026-06-01 12:10:40] [AIOS-Inv-Noon] [END] elapsed_ms=37255
[2026-06-01 12:30:05] [AIOS-Scenario-Replies-Sync] [START] begin file=E:\workSpace\scripts\ops\do_sync_scenario_replies.ps1
[2026-06-01 12:30:27] [AIOS-Scenario-Replies-Sync] [OK] exit_code=0
[2026-06-01 12:30:27] [AIOS-Scenario-Replies-Sync] [OK] foreground restored: YourChronicle
[2026-06-01 12:30:27] [AIOS-Scenario-Replies-Sync] [END] elapsed_ms=22344
[2026-06-01 12:35:05] [AIOS-Scenario-Replies-Sync] [START] begin file=E:\workSpace\scripts\ops\do_sync_scenario_replies.ps1
[2026-06-01 12:35:25] [AIOS-Scenario-Replies-Sync] [OK] exit_code=0
[2026-06-01 12:35:25] [AIOS-Scenario-Replies-Sync] [OK] foreground restored: YourChronicle
[2026-06-01 12:35:25] [AIOS-Scenario-Replies-Sync] [END] elapsed_ms=20782
[2026-06-01 12:40:06] [AIOS-Scenario-Replies-Sync] [START] begin file=E:\workSpace\scripts\ops\do_sync_scenario_replies.ps1
[2026-06-01 12:40:26] [AIOS-Scenario-Replies-Sync] [OK] exit_code=0
[2026-06-01 12:40:26] [AIOS-Scenario-Replies-Sync] [OK] foreground restored: YourChronicle
[2026-06-01 12:40:26] [AIOS-Scenario-Replies-Sync] [END] elapsed_ms=20589
[2026-06-01 12:45:04] [AIOS-Scenario-Replies-Sync] [START] begin file=E:\workSpace\scripts\ops\do_sync_scenario_replies.ps1
[2026-06-01 12:45:24] [AIOS-Scenario-Replies-Sync] [OK] exit_code=0
[2026-06-01 12:45:24] [AIOS-Scenario-Replies-Sync] [OK] foreground restored: YourChronicle
[2026-06-01 12:45:24] [AIOS-Scenario-Replies-Sync] [END] elapsed_ms=19759
[2026-06-01 12:50:05] [AIOS-Scenario-Replies-Sync] [START] begin file=E:\workSpace\scripts\ops\do_sync_scenario_replies.ps1
[2026-06-01 12:50:25] [AIOS-Scenario-Replies-Sync] [OK] exit_code=0
[2026-06-01 12:50:26] [AIOS-Scenario-Replies-Sync] [OK] foreground restored: YourChronicle
[2026-06-01 12:50:26] [AIOS-Scenario-Replies-Sync] [END] elapsed_ms=21046
[2026-06-01 12:55:06] [AIOS-Scenario-Replies-Sync] [START] begin file=E:\workSpace\scripts\ops\do_sync_scenario_replies.ps1
[2026-06-01 12:55:26] [AIOS-Scenario-Replies-Sync] [OK] exit_code=0
[2026-06-01 12:55:26] [AIOS-Scenario-Replies-Sync] [OK] foreground restored: YourChronicle
[2026-06-01 12:55:26] [AIOS-Scenario-Replies-Sync] [END] elapsed_ms=20401
[2026-06-01 13:00:06] [AIOS-Scenario-Replies-Sync] [START] begin file=E:\workSpace\scripts\ops\do_sync_scenario_replies.ps1
[2026-06-01 13:00:07] [AIOS-Tasks-Channel-Sync] [OK] exit_code=0
[2026-06-01 13:00:08] [AIOS-Tasks-Channel-Sync] [OK] foreground restored: YourChronicle
[2026-06-01 13:00:08] [AIOS-Tasks-Channel-Sync] [END] elapsed_ms=1911
[2026-06-01 13:00:29] [AIOS-Scenario-Replies-Sync] [OK] exit_code=0
[2026-06-01 13:00:29] [AIOS-Scenario-Replies-Sync] [OK] foreground restored: YourChronicle
[2026-06-01 13:00:29] [AIOS-Scenario-Replies-Sync] [END] elapsed_ms=23062
[2026-06-01 13:05:04] [AIOS-Scenario-Replies-Sync] [START] begin file=E:\workSpace\scripts\ops\do_sync_scenario_replies.ps1
[2026-06-01 13:05:23] [AIOS-Scenario-Replies-Sync] [OK] exit_code=0
[2026-06-01 13:05:24] [AIOS-Scenario-Replies-Sync] [OK] foreground restored: YourChronicle
[2026-06-01 13:05:24] [AIOS-Scenario-Replies-Sync] [END] elapsed_ms=19837
[2026-06-01 13:10:05] [AIOS-Scenario-Replies-Sync] [START] begin file=E:\workSpace\scripts\ops\do_sync_scenario_replies.ps1
[2026-06-01 13:10:25] [AIOS-Scenario-Replies-Sync] [OK] exit_code=0
[2026-06-01 13:10:26] [AIOS-Scenario-Replies-Sync] [OK] foreground restored: YourChronicle
[2026-06-01 13:10:26] [AIOS-Scenario-Replies-Sync] [END] elapsed_ms=20576
[2026-06-01 13:12:16] [AIOS-Data-Harvest-Monthly-RotA] [OK] exit_code=0
[2026-06-01 13:12:16] [AIOS-Data-Harvest-Monthly-RotA] [OK] foreground restored: YourChronicle
[2026-06-01 13:12:16] [AIOS-Data-Harvest-Monthly-RotA] [END] elapsed_ms=36732135
[2026-06-01 13:15:05] [AIOS-Scenario-Replies-Sync] [START] begin file=E:\workSpace\scripts\ops\do_sync_scenario_replies.ps1
[2026-06-01 13:15:26] [AIOS-Scenario-Replies-Sync] [OK] exit_code=0
[2026-06-01 13:15:27] [AIOS-Scenario-Replies-Sync] [OK] foreground restored: YourChronicle
[2026-06-01 13:15:27] [AIOS-Scenario-Replies-Sync] [END] elapsed_ms=22159
[2026-06-01 13:20:05] [AIOS-Scenario-Replies-Sync] [START] begin file=E:\workSpace\scripts\ops\do_sync_scenario_replies.ps1
[2026-06-01 13:20:25] [AIOS-Scenario-Replies-Sync] [OK] exit_code=0
[2026-06-01 13:20:26] [AIOS-Scenario-Replies-Sync] [OK] foreground restored: YourChronicle
[2026-06-01 13:20:26] [AIOS-Scenario-Replies-Sync] [END] elapsed_ms=20665
[2026-06-01 13:25:05] [AIOS-Scenario-Replies-Sync] [START] begin file=E:\workSpace\scripts\ops\do_sync_scenario_replies.ps1
[2026-06-01 13:25:23] [AIOS-Scenario-Replies-Sync] [OK] exit_code=0
[2026-06-01 13:25:24] [AIOS-Scenario-Replies-Sync] [OK] foreground restored: YourChronicle
[2026-06-01 13:25:24] [AIOS-Scenario-Replies-Sync] [END] elapsed_ms=18850
[2026-06-01 13:30:04] [AIOS-Scenario-Replies-Sync] [START] begin file=E:\workSpace\scripts\ops\do_sync_scenario_replies.ps1
[2026-06-01 13:30:24] [AIOS-Scenario-Replies-Sync] [OK] exit_code=0
[2026-06-01 13:30:25] [AIOS-Scenario-Replies-Sync] [OK] foreground restored: YourChronicle
[2026-06-01 13:30:25] [AIOS-Scenario-Replies-Sync] [END] elapsed_ms=20553
[2026-06-01 14:00:04] [AIOS-Tasks-Channel-Sync] [START] begin file=E:\workSpace\scripts\ops\do_sync_tasks_channel.ps1
[2026-06-01 14:00:05] [AIOS-Tasks-Channel-Sync] [OK] exit_code=0
[2026-06-01 14:00:05] [AIOS-Tasks-Channel-Sync] [OK] foreground restored: YourChronicle
[2026-06-01 14:00:05] [AIOS-Tasks-Channel-Sync] [END] elapsed_ms=1703
[2026-06-01 15:00:04] [AIOS-Tasks-Channel-Sync] [START] begin file=E:\workSpace\scripts\ops\do_sync_tasks_channel.ps1
[2026-06-01 15:00:06] [AIOS-Tasks-Channel-Sync] [OK] exit_code=0
[2026-06-01 15:00:06] [AIOS-Tasks-Channel-Sync] [OK] foreground restored: YourChronicle
[2026-06-01 15:00:06] [AIOS-Tasks-Channel-Sync] [END] elapsed_ms=2452
[2026-06-01 16:00:05] [AIOS-Tasks-Channel-Sync] [START] begin file=E:\workSpace\scripts\ops\do_sync_tasks_channel.ps1
[2026-06-01 16:00:07] [AIOS-Tasks-Channel-Sync] [OK] exit_code=0
[2026-06-01 16:00:08] [AIOS-Tasks-Channel-Sync] [OK] foreground restored: YourChronicle
[2026-06-01 16:00:08] [AIOS-Tasks-Channel-Sync] [END] elapsed_ms=2768
[2026-06-01 17:00:04] [AIOS-Tasks-Channel-Sync] [START] begin file=E:\workSpace\scripts\ops\do_sync_tasks_channel.ps1
[2026-06-01 17:00:05] [AIOS-Tasks-Channel-Sync] [OK] exit_code=0
[2026-06-01 17:00:06] [AIOS-Tasks-Channel-Sync] [OK] foreground restored: YourChronicle
[2026-06-01 17:00:06] [AIOS-Tasks-Channel-Sync] [END] elapsed_ms=2055
[2026-06-01 17:12:48] [AIOS-Inv-Evening] [OK] exit_code=0
[2026-06-01 17:12:49] [AIOS-Inv-Evening] [OK] foreground restored: YourChronicle
[2026-06-01 17:12:49] [AIOS-Inv-Evening] [END] elapsed_ms=764541
[2026-06-01 18:00:06] [AIOS-Tasks-Channel-Sync] [START] begin file=E:\workSpace\scripts\ops\do_sync_tasks_channel.ps1
[2026-06-01 18:00:07] [AIOS-Tasks-Channel-Sync] [OK] exit_code=0
[2026-06-01 18:00:07] [AIOS-Tasks-Channel-Sync] [OK] foreground restored: YourChronicle
[2026-06-01 18:00:07] [AIOS-Tasks-Channel-Sync] [END] elapsed_ms=1889
[2026-06-01 19:00:03] [AIOS-Night] [START] begin file=E:\workSpace\scripts\ops\do_night_and_post_generic.ps1
[2026-06-01 19:00:05] [AIOS-Tasks-Channel-Sync] [OK] exit_code=0
[2026-06-01 19:00:06] [AIOS-Tasks-Channel-Sync] [OK] foreground restored: YourChronicle
[2026-06-01 19:00:06] [AIOS-Tasks-Channel-Sync] [END] elapsed_ms=3356
[2026-06-01 19:01:10] [AIOS-Night] [OK] exit_code=0
[2026-06-01 19:01:10] [AIOS-Night] [OK] foreground restored: YourChronicle
[2026-06-01 19:01:10] [AIOS-Night] [END] elapsed_ms=67203
[2026-06-01 20:00:02] [AIOS-Inv-Heavy-2000] [START] begin file=E:\workSpace\scripts\ops\do_inv_heavy_and_post.ps1
[2026-06-01 20:00:03] [AIOS-Tasks-Channel-Sync] [START] begin file=E:\workSpace\scripts\ops\do_sync_tasks_channel.ps1
[2026-06-01 20:00:04] [AIOS-Tasks-Channel-Sync] [OK] exit_code=0
[2026-06-01 20:00:05] [AIOS-Tasks-Channel-Sync] [OK] foreground restored: YourChronicle
[2026-06-01 20:00:05] [AIOS-Tasks-Channel-Sync] [END] elapsed_ms=1768
[2026-06-01 21:00:04] [AIOS-Tasks-Channel-Sync] [START] begin file=E:\workSpace\scripts\ops\do_sync_tasks_channel.ps1
[2026-06-01 21:00:05] [AIOS-Tasks-Channel-Sync] [OK] exit_code=0
[2026-06-01 21:00:06] [AIOS-Tasks-Channel-Sync] [OK] foreground restored: YourChronicle
[2026-06-01 21:00:06] [AIOS-Tasks-Channel-Sync] [END] elapsed_ms=2017
[2026-06-01 21:20:02] [AIOS-Alert-Healthcheck] [START] begin file=E:\workSpace\scripts\ops\do_alert_and_post.ps1
[2026-06-01 21:20:05] [AIOS-Alert-Healthcheck] [ERROR] exit_code=2
[2026-06-01 21:20:06] [AIOS-Alert-Healthcheck] [OK] foreground restored: YourChronicle
[2026-06-01 21:20:06] [AIOS-Alert-Healthcheck] [END] elapsed_ms=3891
[2026-06-01 22:00:05] [AIOS-Tasks-Channel-Sync] [START] begin file=E:\workSpace\scripts\ops\do_sync_tasks_channel.ps1
[2026-06-01 22:00:07] [AIOS-Tasks-Channel-Sync] [OK] exit_code=0
[2026-06-01 22:00:08] [AIOS-Tasks-Channel-Sync] [OK] foreground restored: YourChronicle
[2026-06-01 22:00:08] [AIOS-Tasks-Channel-Sync] [END] elapsed_ms=2982
[2026-06-01 23:00:08] [AIOS-Tasks-Channel-Sync] [START] begin file=E:\workSpace\scripts\ops\do_sync_tasks_channel.ps1
[2026-06-01 23:00:11] [AIOS-Tasks-Channel-Sync] [OK] exit_code=0
[2026-06-01 23:00:12] [AIOS-Tasks-Channel-Sync] [OK] foreground restored: YourChronicle
[2026-06-01 23:00:12] [AIOS-Tasks-Channel-Sync] [END] elapsed_ms=3414
[2026-06-01 23:16:24] [AIOS-Inv-Heavy-2000] [ERROR] exit_code=1
[2026-06-01 23:16:26] [AIOS-Inv-Heavy-2000] [OK] foreground restored: YourChronicle
[2026-06-01 23:16:26] [AIOS-Inv-Heavy-2000] [END] elapsed_ms=11783741
[2026-06-01 23:21:03] [AIOS-Data-Harvest-Weekly-Samples365] [ERROR] exit_code=1
[2026-06-01 23:21:06] [AIOS-Data-Harvest-Weekly-Samples365] [OK] foreground restored: YourChronicle
[2026-06-01 23:21:06] [AIOS-Data-Harvest-Weekly-Samples365] [END] elapsed_ms=155461057
[2026-06-01 23:40:03] [AIOS-Data-Harvest] [START] begin cmd=Set-Location E:\workSpace; $d=(Get-Date -Format yyyy-MM-dd); py scripts/investment/collect/run_harvest_backfill.py --end-date $d --days 21 --discover-latest 120 --max-pages 120 --tdnet-max-items 800 --seed-list rough_backtest_full --max-signals 12 --max-long 6 --max-short 6; $LASTEXITCODE
[2026-06-02 00:00:09] [AIOS-Tasks-Channel-Sync] [START] begin file=E:\workSpace\scripts\ops\do_sync_tasks_channel.ps1
[2026-06-02 00:00:11] [AIOS-Tasks-Channel-Sync] [OK] exit_code=0
[2026-06-02 00:00:12] [AIOS-Tasks-Channel-Sync] [OK] foreground restored: YourChronicle
[2026-06-02 00:00:12] [AIOS-Tasks-Channel-Sync] [END] elapsed_ms=3012
[2026-06-02 01:00:04] [AIOS-Tasks-Channel-Sync] [START] begin file=E:\workSpace\scripts\ops\do_sync_tasks_channel.ps1
[2026-06-02 01:00:07] [AIOS-Tasks-Channel-Sync] [OK] exit_code=0
[2026-06-02 01:00:08] [AIOS-Tasks-Channel-Sync] [OK] foreground restored: YourChronicle
[2026-06-02 01:00:08] [AIOS-Tasks-Channel-Sync] [END] elapsed_ms=4430
[2026-06-02 02:00:04] [AIOS-DB-Backup-2230] [START] begin cmd=Set-Location E:\workSpace; py scripts/data/backup_dbzip_to_discord.py --db data/investment.db --label investment-db-backup --keep-local 14; $LASTEXITCODE
[2026-06-02 02:00:04] [AIOS-Tasks-Channel-Sync] [START] begin file=E:\workSpace\scripts\ops\do_sync_tasks_channel.ps1
[2026-06-02 02:00:08] [AIOS-Tasks-Channel-Sync] [OK] exit_code=0
[2026-06-02 02:00:09] [AIOS-Tasks-Channel-Sync] [OK] foreground restored: YourChronicle
[2026-06-02 02:00:09] [AIOS-Tasks-Channel-Sync] [END] elapsed_ms=5160
[2026-06-02 02:00:37] [AIOS-DB-Backup-2230] [ERROR] exit_code=1
[2026-06-02 02:00:37] [AIOS-DB-Backup-2230] [OK] foreground restored: YourChronicle
[2026-06-02 02:00:37] [AIOS-DB-Backup-2230] [END] elapsed_ms=33656
[2026-06-02 03:00:04] [AIOS-Tasks-Channel-Sync] [START] begin file=E:\workSpace\scripts\ops\do_sync_tasks_channel.ps1
[2026-06-02 03:00:06] [AIOS-Tasks-Channel-Sync] [OK] exit_code=0
[2026-06-02 03:00:07] [AIOS-Tasks-Channel-Sync] [OK] foreground restored: YourChronicle
[2026-06-02 03:00:07] [AIOS-Tasks-Channel-Sync] [END] elapsed_ms=2641
[2026-06-02 04:00:04] [AIOS-Tasks-Channel-Sync] [START] begin file=E:\workSpace\scripts\ops\do_sync_tasks_channel.ps1
[2026-06-02 04:00:05] [AIOS-Tasks-Channel-Sync] [OK] exit_code=0
[2026-06-02 04:00:07] [AIOS-Tasks-Channel-Sync] [OK] foreground restored: YourChronicle
[2026-06-02 04:00:07] [AIOS-Tasks-Channel-Sync] [END] elapsed_ms=2609
[2026-06-02 05:02:08] [AIOS-Tasks-Channel-Sync] [START] begin file=E:\workSpace\scripts\ops\do_sync_tasks_channel.ps1
[2026-06-02 05:02:33] [AIOS-Tasks-Channel-Sync] [OK] exit_code=0
[2026-06-02 05:02:53] [AIOS-Tasks-Channel-Sync] [OK] foreground restored: YourChronicle
[2026-06-02 05:02:53] [AIOS-Tasks-Channel-Sync] [END] elapsed_ms=45741
[2026-06-02 06:00:04] [AIOS-Tasks-Channel-Sync] [START] begin file=E:\workSpace\scripts\ops\do_sync_tasks_channel.ps1
[2026-06-02 06:00:05] [AIOS-Tasks-Channel-Sync] [OK] exit_code=0
[2026-06-02 06:00:06] [AIOS-Tasks-Channel-Sync] [OK] foreground restored: YourChronicle
[2026-06-02 06:00:06] [AIOS-Tasks-Channel-Sync] [END] elapsed_ms=2595
[2026-06-02 06:55:38] [AIOS-Data-Harvest] [ERROR] exit_code=1
[2026-06-02 06:55:40] [AIOS-Data-Harvest] [OK] foreground restored: YourChronicle
[2026-06-02 06:55:40] [AIOS-Data-Harvest] [END] elapsed_ms=26136569
[2026-06-02 07:00:06] [AIOS-Tasks-Channel-Sync] [START] begin file=E:\workSpace\scripts\ops\do_sync_tasks_channel.ps1
[2026-06-02 07:00:07] [AIOS-Tasks-Channel-Sync] [OK] exit_code=0
[2026-06-02 07:00:07] [AIOS-Tasks-Channel-Sync] [OK] foreground restored: YourChronicle
[2026-06-02 07:00:08] [AIOS-Tasks-Channel-Sync] [END] elapsed_ms=1928
[2026-06-02 07:30:02] [AIOS-Inv-Morning] [START] begin file=E:\workSpace\scripts\ops\do_inv_morning_and_post.ps1
[2026-06-02 07:33:49] [AIOS-Inv-Morning] [ERROR] exit_code=1
[2026-06-02 07:33:51] [AIOS-Inv-Morning] [OK] foreground restored: YourChronicle
[2026-06-02 07:33:51] [AIOS-Inv-Morning] [END] elapsed_ms=228732
[2026-06-02 08:00:05] [AIOS-Tasks-Channel-Sync] [START] begin file=E:\workSpace\scripts\ops\do_sync_tasks_channel.ps1
[2026-06-02 08:00:07] [AIOS-Tasks-Channel-Sync] [OK] exit_code=0
[2026-06-02 08:00:08] [AIOS-Tasks-Channel-Sync] [OK] foreground restored: YourChronicle
[2026-06-02 08:00:08] [AIOS-Tasks-Channel-Sync] [END] elapsed_ms=3079
[2026-06-02 08:10:03] [AIOS-Inv-Scenario-0810] [START] begin file=E:\workSpace\scripts\ops\do_inv_scenario_and_post.ps1
[2026-06-02 08:10:25] [AIOS-Inv-Scenario-0810] [ERROR] exit_code=1
[2026-06-02 08:10:26] [AIOS-Inv-Scenario-0810] [OK] foreground restored: YourChronicle
[2026-06-02 08:10:26] [AIOS-Inv-Scenario-0810] [END] elapsed_ms=23019
[2026-06-02 09:00:03] [AIOS-Tasks-Channel-Sync] [START] begin file=E:\workSpace\scripts\ops\do_sync_tasks_channel.ps1
[2026-06-02 09:00:04] [AIOS-Scenario-Replies-Sync] [START] begin file=E:\workSpace\scripts\ops\do_sync_scenario_replies.ps1
[2026-06-02 09:00:05] [AIOS-Tasks-Channel-Sync] [OK] exit_code=0
[2026-06-02 09:00:06] [AIOS-Tasks-Channel-Sync] [OK] foreground restored: YourChronicle
[2026-06-02 09:00:06] [AIOS-Tasks-Channel-Sync] [END] elapsed_ms=2029
[2026-06-02 09:00:28] [AIOS-Scenario-Replies-Sync] [OK] exit_code=0
[2026-06-02 09:00:28] [AIOS-Scenario-Replies-Sync] [OK] foreground restored: YourChronicle
[2026-06-02 09:00:28] [AIOS-Scenario-Replies-Sync] [END] elapsed_ms=24430
[2026-06-02 09:05:05] [AIOS-Scenario-Replies-Sync] [START] begin file=E:\workSpace\scripts\ops\do_sync_scenario_replies.ps1
[2026-06-02 09:05:24] [AIOS-Scenario-Replies-Sync] [OK] exit_code=0
[2026-06-02 09:05:25] [AIOS-Scenario-Replies-Sync] [OK] foreground restored: YourChronicle
[2026-06-02 09:05:25] [AIOS-Scenario-Replies-Sync] [END] elapsed_ms=19946
[2026-06-02 09:10:06] [AIOS-Scenario-Replies-Sync] [START] begin file=E:\workSpace\scripts\ops\do_sync_scenario_replies.ps1
[2026-06-02 09:10:26] [AIOS-Scenario-Replies-Sync] [OK] exit_code=0
[2026-06-02 09:10:26] [AIOS-Scenario-Replies-Sync] [OK] foreground restored: YourChronicle
[2026-06-02 09:10:26] [AIOS-Scenario-Replies-Sync] [END] elapsed_ms=20566
[2026-06-02 09:15:06] [AIOS-Scenario-Replies-Sync] [START] begin file=E:\workSpace\scripts\ops\do_sync_scenario_replies.ps1
[2026-06-02 09:15:26] [AIOS-Scenario-Replies-Sync] [OK] exit_code=0
[2026-06-02 09:15:26] [AIOS-Scenario-Replies-Sync] [OK] foreground restored: YourChronicle
[2026-06-02 09:15:26] [AIOS-Scenario-Replies-Sync] [END] elapsed_ms=20432
[2026-06-02 09:20:05] [AIOS-Scenario-Replies-Sync] [START] begin file=E:\workSpace\scripts\ops\do_sync_scenario_replies.ps1
[2026-06-02 09:20:24] [AIOS-Scenario-Replies-Sync] [OK] exit_code=0
[2026-06-02 09:20:24] [AIOS-Scenario-Replies-Sync] [OK] foreground restored: YourChronicle
[2026-06-02 09:20:24] [AIOS-Scenario-Replies-Sync] [END] elapsed_ms=19493
[2026-06-02 09:25:05] [AIOS-Scenario-Replies-Sync] [START] begin file=E:\workSpace\scripts\ops\do_sync_scenario_replies.ps1
[2026-06-02 09:25:25] [AIOS-Scenario-Replies-Sync] [OK] exit_code=0
[2026-06-02 09:25:25] [AIOS-Scenario-Replies-Sync] [OK] foreground restored: YourChronicle
[2026-06-02 09:25:25] [AIOS-Scenario-Replies-Sync] [END] elapsed_ms=20453
[2026-06-02 09:30:05] [AIOS-Scenario-Replies-Sync] [START] begin file=E:\workSpace\scripts\ops\do_sync_scenario_replies.ps1
[2026-06-02 09:30:26] [AIOS-Scenario-Replies-Sync] [OK] exit_code=0
[2026-06-02 09:30:26] [AIOS-Scenario-Replies-Sync] [OK] foreground restored: YourChronicle
[2026-06-02 09:30:26] [AIOS-Scenario-Replies-Sync] [END] elapsed_ms=21314
[2026-06-02 09:35:05] [AIOS-Scenario-Replies-Sync] [START] begin file=E:\workSpace\scripts\ops\do_sync_scenario_replies.ps1
[2026-06-02 09:35:26] [AIOS-Scenario-Replies-Sync] [OK] exit_code=0
[2026-06-02 09:35:26] [AIOS-Scenario-Replies-Sync] [OK] foreground restored: YourChronicle
[2026-06-02 09:35:26] [AIOS-Scenario-Replies-Sync] [END] elapsed_ms=20787
[2026-06-02 09:40:05] [AIOS-Scenario-Replies-Sync] [START] begin file=E:\workSpace\scripts\ops\do_sync_scenario_replies.ps1
[2026-06-02 09:40:27] [AIOS-Scenario-Replies-Sync] [OK] exit_code=0
[2026-06-02 09:40:27] [AIOS-Scenario-Replies-Sync] [OK] foreground restored: YourChronicle
[2026-06-02 09:40:27] [AIOS-Scenario-Replies-Sync] [END] elapsed_ms=21884
[2026-06-02 09:45:04] [AIOS-Scenario-Replies-Sync] [START] begin file=E:\workSpace\scripts\ops\do_sync_scenario_replies.ps1
[2026-06-02 09:45:25] [AIOS-Scenario-Replies-Sync] [OK] exit_code=0
[2026-06-02 09:45:25] [AIOS-Scenario-Replies-Sync] [OK] foreground restored: YourChronicle
[2026-06-02 09:45:25] [AIOS-Scenario-Replies-Sync] [END] elapsed_ms=20907
[2026-06-02 09:50:04] [AIOS-Scenario-Replies-Sync] [START] begin file=E:\workSpace\scripts\ops\do_sync_scenario_replies.ps1
[2026-06-02 09:50:24] [AIOS-Scenario-Replies-Sync] [OK] exit_code=0
[2026-06-02 09:50:24] [AIOS-Scenario-Replies-Sync] [OK] foreground restored: YourChronicle
[2026-06-02 09:50:24] [AIOS-Scenario-Replies-Sync] [END] elapsed_ms=19656
[2026-06-02 09:55:05] [AIOS-Scenario-Replies-Sync] [START] begin file=E:\workSpace\scripts\ops\do_sync_scenario_replies.ps1
[2026-06-02 09:55:26] [AIOS-Scenario-Replies-Sync] [OK] exit_code=0
[2026-06-02 09:55:26] [AIOS-Scenario-Replies-Sync] [OK] foreground restored: YourChronicle
[2026-06-02 09:55:26] [AIOS-Scenario-Replies-Sync] [END] elapsed_ms=21503
[2026-06-02 10:00:03] [AIOS-Tasks-Channel-Sync] [START] begin file=E:\workSpace\scripts\ops\do_sync_tasks_channel.ps1
[2026-06-02 10:00:05] [AIOS-Tasks-Channel-Sync] [OK] exit_code=0
[2026-06-02 10:00:05] [AIOS-Tasks-Channel-Sync] [OK] foreground restored: YourChronicle
[2026-06-02 10:00:05] [AIOS-Tasks-Channel-Sync] [END] elapsed_ms=2028
[2026-06-02 10:00:24] [AIOS-Scenario-Replies-Sync] [OK] exit_code=0
[2026-06-02 10:00:24] [AIOS-Scenario-Replies-Sync] [OK] foreground restored: YourChronicle
[2026-06-02 10:00:24] [AIOS-Scenario-Replies-Sync] [END] elapsed_ms=20733
[2026-06-02 11:28:52] [AIOS-Tasks-Channel-Sync] [START] begin file=E:\workSpace\scripts\ops\do_sync_tasks_channel.ps1
[2026-06-02 11:28:54] [AIOS-Tasks-Channel-Sync] [OK] exit_code=0
[2026-06-02 11:28:55] [AIOS-Tasks-Channel-Sync] [OK] foreground restored: YourChronicle
[2026-06-02 11:28:55] [AIOS-Tasks-Channel-Sync] [END] elapsed_ms=3663
[2026-06-02 17:11:59] [AIOS-Tasks-Channel-Sync] [START] begin file=E:\workSpace\scripts\ops\do_sync_tasks_channel.ps1
[2026-06-02 17:12:03] [AIOS-Tasks-Channel-Sync] [OK] exit_code=0
[2026-06-02 17:12:04] [AIOS-Tasks-Channel-Sync] [OK] foreground restored: YourChronicle
[2026-06-02 17:12:04] [AIOS-Tasks-Channel-Sync] [END] elapsed_ms=5120
[2026-06-02 17:12:23] [AIOS-Scenario-Replies-Sync] [OK] exit_code=0
[2026-06-02 17:12:23] [AIOS-Scenario-Replies-Sync] [OK] foreground restored: YourChronicle
[2026-06-02 17:12:23] [AIOS-Scenario-Replies-Sync] [END] elapsed_ms=23119
[2026-06-02 17:12:35] [AIOS-Inv-Noon] [ERROR] exit_code=1
[2026-06-02 17:12:35] [AIOS-Inv-Noon] [OK] foreground restored: YourChronicle
[2026-06-02 17:12:35] [AIOS-Inv-Noon] [END] elapsed_ms=34791
[2026-06-02 17:16:36] [AIOS-Scenario-Replies-Sync] [START] begin file=E:\workSpace\scripts\ops\do_sync_scenario_replies.ps1
[2026-06-02 17:16:54] [AIOS-Scenario-Replies-Sync] [OK] exit_code=0
[2026-06-02 17:16:54] [AIOS-Scenario-Replies-Sync] [OK] foreground restored: YourChronicle
[2026-06-02 17:16:54] [AIOS-Scenario-Replies-Sync] [END] elapsed_ms=17528
[2026-06-02 17:21:35] [AIOS-Scenario-Replies-Sync] [START] begin file=E:\workSpace\scripts\ops\do_sync_scenario_replies.ps1
[2026-06-02 17:21:54] [AIOS-Scenario-Replies-Sync] [OK] exit_code=0
[2026-06-02 17:21:55] [AIOS-Scenario-Replies-Sync] [OK] foreground restored: YourChronicle
[2026-06-02 17:21:55] [AIOS-Scenario-Replies-Sync] [END] elapsed_ms=19132
[2026-06-02 17:26:35] [AIOS-Scenario-Replies-Sync] [START] begin file=E:\workSpace\scripts\ops\do_sync_scenario_replies.ps1
[2026-06-02 17:26:53] [AIOS-Scenario-Replies-Sync] [OK] exit_code=0
[2026-06-02 17:26:53] [AIOS-Scenario-Replies-Sync] [OK] foreground restored: YourChronicle
[2026-06-02 17:26:53] [AIOS-Scenario-Replies-Sync] [END] elapsed_ms=17550
[2026-06-02 17:31:36] [AIOS-Scenario-Replies-Sync] [START] begin file=E:\workSpace\scripts\ops\do_sync_scenario_replies.ps1
[2026-06-02 17:31:54] [AIOS-Scenario-Replies-Sync] [OK] exit_code=0
[2026-06-02 17:31:54] [AIOS-Scenario-Replies-Sync] [OK] foreground restored: YourChronicle
[2026-06-02 17:31:54] [AIOS-Scenario-Replies-Sync] [END] elapsed_ms=18153
[2026-06-02 17:36:36] [AIOS-Scenario-Replies-Sync] [START] begin file=E:\workSpace\scripts\ops\do_sync_scenario_replies.ps1
[2026-06-02 17:36:54] [AIOS-Scenario-Replies-Sync] [OK] exit_code=0
[2026-06-02 17:36:54] [AIOS-Scenario-Replies-Sync] [OK] foreground restored: YourChronicle
[2026-06-02 17:36:54] [AIOS-Scenario-Replies-Sync] [END] elapsed_ms=17970
[2026-06-02 17:41:36] [AIOS-Scenario-Replies-Sync] [START] begin file=E:\workSpace\scripts\ops\do_sync_scenario_replies.ps1
[2026-06-02 17:41:53] [AIOS-Inv-Evening] [ERROR] exit_code=1
[2026-06-02 17:41:53] [AIOS-Scenario-Replies-Sync] [OK] exit_code=0
[2026-06-02 17:41:54] [AIOS-Scenario-Replies-Sync] [OK] foreground restored: YourChronicle
[2026-06-02 17:41:54] [AIOS-Scenario-Replies-Sync] [END] elapsed_ms=17815
[2026-06-02 17:41:54] [AIOS-Inv-Evening] [OK] foreground restored: YourChronicle
[2026-06-02 17:41:54] [AIOS-Inv-Evening] [END] elapsed_ms=1793428
[2026-06-02 18:59:09] [AIOS-Tasks-Channel-Sync] [START] begin file=E:\workSpace\scripts\ops\do_sync_tasks_channel.ps1
[2026-06-02 18:59:11] [AIOS-Tasks-Channel-Sync] [OK] exit_code=0
[2026-06-02 18:59:11] [AIOS-Tasks-Channel-Sync] [OK] foreground restored: YourChronicle
[2026-06-02 18:59:11] [AIOS-Tasks-Channel-Sync] [END] elapsed_ms=2183
[2026-06-02 18:59:30] [AIOS-Scenario-Replies-Sync] [OK] exit_code=0
[2026-06-02 18:59:30] [AIOS-Scenario-Replies-Sync] [OK] foreground restored: YourChronicle
[2026-06-02 18:59:30] [AIOS-Scenario-Replies-Sync] [END] elapsed_ms=20826
[2026-06-02 19:00:01] [AIOS-Night] [START] begin file=E:\workSpace\scripts\ops\do_night_and_post_generic.ps1
[2026-06-02 19:00:02] [AIOS-Tasks-Channel-Sync] [START] begin file=E:\workSpace\scripts\ops\do_sync_tasks_channel.ps1
[2026-06-02 19:00:03] [AIOS-Tasks-Channel-Sync] [OK] exit_code=0
[2026-06-02 19:00:04] [AIOS-Tasks-Channel-Sync] [OK] foreground restored: YourChronicle
[2026-06-02 19:00:04] [AIOS-Tasks-Channel-Sync] [END] elapsed_ms=2067
[2026-06-02 19:00:59] [AIOS-Night] [OK] exit_code=0
[2026-06-02 19:01:00] [AIOS-Night] [OK] foreground restored: YourChronicle
[2026-06-02 19:01:00] [AIOS-Night] [END] elapsed_ms=58810
[2026-06-02 19:01:36] [AIOS-Scenario-Replies-Sync] [START] begin file=E:\workSpace\scripts\ops\do_sync_scenario_replies.ps1
[2026-06-02 19:01:57] [AIOS-Scenario-Replies-Sync] [OK] exit_code=0
[2026-06-02 19:01:57] [AIOS-Scenario-Replies-Sync] [OK] foreground restored: YourChronicle
[2026-06-02 19:01:57] [AIOS-Scenario-Replies-Sync] [END] elapsed_ms=21237
[2026-06-02 19:06:38] [AIOS-Scenario-Replies-Sync] [START] begin file=E:\workSpace\scripts\ops\do_sync_scenario_replies.ps1
[2026-06-02 19:06:57] [AIOS-Scenario-Replies-Sync] [OK] exit_code=0
[2026-06-02 19:06:57] [AIOS-Scenario-Replies-Sync] [OK] foreground restored: YourChronicle
[2026-06-02 19:06:57] [AIOS-Scenario-Replies-Sync] [END] elapsed_ms=19255
[2026-06-02 19:11:37] [AIOS-Scenario-Replies-Sync] [START] begin file=E:\workSpace\scripts\ops\do_sync_scenario_replies.ps1
[2026-06-02 19:11:57] [AIOS-Scenario-Replies-Sync] [OK] exit_code=0
[2026-06-02 19:11:57] [AIOS-Scenario-Replies-Sync] [OK] foreground restored: YourChronicle
[2026-06-02 19:11:57] [AIOS-Scenario-Replies-Sync] [END] elapsed_ms=20326
[2026-06-02 19:16:39] [AIOS-Scenario-Replies-Sync] [START] begin file=E:\workSpace\scripts\ops\do_sync_scenario_replies.ps1
[2026-06-02 19:17:01] [AIOS-Scenario-Replies-Sync] [OK] exit_code=0
[2026-06-02 19:17:01] [AIOS-Scenario-Replies-Sync] [OK] foreground restored: YourChronicle
[2026-06-02 19:17:01] [AIOS-Scenario-Replies-Sync] [END] elapsed_ms=21722
[2026-06-02 19:21:37] [AIOS-Scenario-Replies-Sync] [START] begin file=E:\workSpace\scripts\ops\do_sync_scenario_replies.ps1
[2026-06-02 19:21:57] [AIOS-Scenario-Replies-Sync] [OK] exit_code=0
[2026-06-02 19:21:57] [AIOS-Scenario-Replies-Sync] [OK] foreground restored: YourChronicle
[2026-06-02 19:21:57] [AIOS-Scenario-Replies-Sync] [END] elapsed_ms=20471
[2026-06-02 20:00:02] [AIOS-Inv-Heavy-2000] [START] begin file=E:\workSpace\scripts\ops\do_inv_heavy_and_post.ps1
[2026-06-02 20:00:03] [AIOS-Tasks-Channel-Sync] [START] begin file=E:\workSpace\scripts\ops\do_sync_tasks_channel.ps1
[2026-06-02 20:00:04] [AIOS-Tasks-Channel-Sync] [OK] exit_code=0
[2026-06-02 20:00:05] [AIOS-Tasks-Channel-Sync] [OK] foreground restored: YourChronicle
[2026-06-02 20:00:05] [AIOS-Tasks-Channel-Sync] [END] elapsed_ms=2045
[2026-06-02 20:50:47] [AIOS-Inv-Heavy-2000] [ERROR] exit_code=1
[2026-06-02 20:50:50] [AIOS-Inv-Heavy-2000] [OK] foreground restored: YourChronicle
[2026-06-02 20:50:50] [AIOS-Inv-Heavy-2000] [END] elapsed_ms=3048245
[2026-06-02 21:00:04] [AIOS-Tasks-Channel-Sync] [START] begin file=E:\workSpace\scripts\ops\do_sync_tasks_channel.ps1
[2026-06-02 21:00:07] [AIOS-Tasks-Channel-Sync] [OK] exit_code=0
[2026-06-02 21:00:08] [AIOS-Tasks-Channel-Sync] [OK] foreground restored: YourChronicle
[2026-06-02 21:00:08] [AIOS-Tasks-Channel-Sync] [END] elapsed_ms=3861
[2026-06-02 21:20:08] [AIOS-Alert-Healthcheck] [START] begin file=E:\workSpace\scripts\ops\do_alert_and_post.ps1
[2026-06-02 21:20:18] [AIOS-Alert-Healthcheck] [ERROR] exit_code=2
[2026-06-02 21:20:20] [AIOS-Alert-Healthcheck] [OK] foreground restored: YourChronicle
[2026-06-02 21:20:20] [AIOS-Alert-Healthcheck] [END] elapsed_ms=12298
[2026-06-02 22:00:04] [AIOS-Tasks-Channel-Sync] [START] begin file=E:\workSpace\scripts\ops\do_sync_tasks_channel.ps1
[2026-06-02 22:00:07] [AIOS-Tasks-Channel-Sync] [OK] exit_code=0
[2026-06-02 22:00:08] [AIOS-Tasks-Channel-Sync] [OK] foreground restored: YourChronicle
[2026-06-02 22:00:08] [AIOS-Tasks-Channel-Sync] [END] elapsed_ms=4695
[2026-06-02 22:17:34] [AIOS-Inv-Evening] [START] begin file=E:\workSpace\scripts\ops\do_inv_evening_and_post.ps1
[2026-06-02 22:23:58] [AIOS-Inv-Morning] [START] begin file=E:\workSpace\scripts\ops\do_inv_morning_and_post.ps1
[2026-06-02 23:00:04] [AIOS-Tasks-Channel-Sync] [START] begin file=E:\workSpace\scripts\ops\do_sync_tasks_channel.ps1
[2026-06-02 23:00:06] [AIOS-Tasks-Channel-Sync] [OK] exit_code=0
[2026-06-02 23:00:06] [AIOS-Tasks-Channel-Sync] [OK] foreground restored: YourChronicle
[2026-06-02 23:00:06] [AIOS-Tasks-Channel-Sync] [END] elapsed_ms=2493
[2026-06-02 23:40:17] [AIOS-Data-Harvest] [START] begin cmd=Set-Location E:\workSpace; $d=(Get-Date -Format yyyy-MM-dd); py scripts/investment/collect/run_harvest_backfill.py --end-date $d --days 21 --discover-latest 120 --max-pages 120 --tdnet-max-items 800 --seed-list rough_backtest_full --max-signals 12 --max-long 6 --max-short 6; $LASTEXITCODE
[2026-06-03 00:00:03] [AIOS-Tasks-Channel-Sync] [START] begin file=E:\workSpace\scripts\ops\do_sync_tasks_channel.ps1
[2026-06-03 00:00:05] [AIOS-Tasks-Channel-Sync] [OK] exit_code=0
[2026-06-03 00:00:06] [AIOS-Tasks-Channel-Sync] [OK] foreground restored: YourChronicle
[2026-06-03 00:00:06] [AIOS-Tasks-Channel-Sync] [END] elapsed_ms=2909
[2026-06-03 01:00:04] [AIOS-Tasks-Channel-Sync] [START] begin file=E:\workSpace\scripts\ops\do_sync_tasks_channel.ps1
[2026-06-03 01:00:06] [AIOS-Tasks-Channel-Sync] [OK] exit_code=0
[2026-06-03 01:00:07] [AIOS-Tasks-Channel-Sync] [OK] foreground restored: YourChronicle
[2026-06-03 01:00:07] [AIOS-Tasks-Channel-Sync] [END] elapsed_ms=2607
[2026-06-03 02:00:04] [AIOS-Tasks-Channel-Sync] [START] begin file=E:\workSpace\scripts\ops\do_sync_tasks_channel.ps1
[2026-06-03 02:00:07] [AIOS-Tasks-Channel-Sync] [OK] exit_code=0
[2026-06-03 02:00:08] [AIOS-Tasks-Channel-Sync] [OK] foreground restored: YourChronicle
[2026-06-03 02:00:08] [AIOS-Tasks-Channel-Sync] [END] elapsed_ms=4425
[2026-06-03 02:00:53] [AIOS-DB-Backup-2230] [ERROR] exit_code=1
[2026-06-03 02:00:53] [AIOS-DB-Backup-2230] [OK] foreground restored: YourChronicle
[2026-06-03 02:00:53] [AIOS-DB-Backup-2230] [END] elapsed_ms=48897
[2026-06-03 03:00:03] [AIOS-Tasks-Channel-Sync] [START] begin file=E:\workSpace\scripts\ops\do_sync_tasks_channel.ps1
[2026-06-03 03:00:05] [AIOS-Tasks-Channel-Sync] [OK] exit_code=0
[2026-06-03 03:00:06] [AIOS-Tasks-Channel-Sync] [OK] foreground restored: YourChronicle
[2026-06-03 03:00:06] [AIOS-Tasks-Channel-Sync] [END] elapsed_ms=2485
[2026-06-03 04:00:03] [AIOS-Tasks-Channel-Sync] [START] begin file=E:\workSpace\scripts\ops\do_sync_tasks_channel.ps1
[2026-06-03 04:00:05] [AIOS-Tasks-Channel-Sync] [OK] exit_code=0
[2026-06-03 04:00:06] [AIOS-Tasks-Channel-Sync] [OK] foreground restored: YourChronicle
[2026-06-03 04:00:06] [AIOS-Tasks-Channel-Sync] [END] elapsed_ms=2338
[2026-06-03 05:00:03] [AIOS-Tasks-Channel-Sync] [START] begin file=E:\workSpace\scripts\ops\do_sync_tasks_channel.ps1
[2026-06-03 05:00:05] [AIOS-Tasks-Channel-Sync] [OK] exit_code=0
[2026-06-03 05:00:06] [AIOS-Tasks-Channel-Sync] [OK] foreground restored: YourChronicle
[2026-06-03 05:00:06] [AIOS-Tasks-Channel-Sync] [END] elapsed_ms=2249
[2026-06-03 06:00:03] [AIOS-Tasks-Channel-Sync] [START] begin file=E:\workSpace\scripts\ops\do_sync_tasks_channel.ps1
[2026-06-03 06:00:05] [AIOS-Tasks-Channel-Sync] [OK] exit_code=0
[2026-06-03 06:00:06] [AIOS-Tasks-Channel-Sync] [OK] foreground restored: YourChronicle
[2026-06-03 06:00:06] [AIOS-Tasks-Channel-Sync] [END] elapsed_ms=2664
[2026-06-03 06:46:13] [AIOS-Data-Harvest] [ERROR] exit_code=1
[2026-06-03 06:46:15] [AIOS-Data-Harvest] [OK] foreground restored: YourChronicle
[2026-06-03 06:46:15] [AIOS-Data-Harvest] [END] elapsed_ms=25557462
[2026-06-03 07:00:03] [AIOS-Tasks-Channel-Sync] [START] begin file=E:\workSpace\scripts\ops\do_sync_tasks_channel.ps1
[2026-06-03 07:00:05] [AIOS-Tasks-Channel-Sync] [OK] exit_code=0
[2026-06-03 07:00:05] [AIOS-Tasks-Channel-Sync] [OK] foreground restored: YourChronicle
[2026-06-03 07:00:05] [AIOS-Tasks-Channel-Sync] [END] elapsed_ms=1895
[2026-06-03 07:30:01] [AIOS-Inv-Morning] [WARN] previous run may be incomplete (last START has no END)
[2026-06-03 07:30:01] [AIOS-Inv-Morning] [START] begin file=E:\workSpace\scripts\ops\do_inv_morning_and_post.ps1
[2026-06-03 07:34:08] [AIOS-Inv-Morning] [OK] exit_code=0
[2026-06-03 07:34:09] [AIOS-Inv-Morning] [OK] foreground restored: YourChronicle
[2026-06-03 07:34:09] [AIOS-Inv-Morning] [END] elapsed_ms=248096
[2026-06-03 08:00:03] [AIOS-Tasks-Channel-Sync] [START] begin file=E:\workSpace\scripts\ops\do_sync_tasks_channel.ps1
[2026-06-03 08:00:05] [AIOS-Tasks-Channel-Sync] [OK] exit_code=0
[2026-06-03 08:00:06] [AIOS-Tasks-Channel-Sync] [OK] foreground restored: YourChronicle
[2026-06-03 08:00:06] [AIOS-Tasks-Channel-Sync] [END] elapsed_ms=2954
[2026-06-03 08:10:01] [AIOS-Inv-Scenario-0810] [START] begin file=E:\workSpace\scripts\ops\do_inv_scenario_and_post.ps1
[2026-06-03 08:10:28] [AIOS-Inv-Scenario-0810] [ERROR] exit_code=1
[2026-06-03 08:10:28] [AIOS-Inv-Scenario-0810] [OK] foreground restored: YourChronicle
[2026-06-03 08:10:28] [AIOS-Inv-Scenario-0810] [END] elapsed_ms=27528
[2026-06-03 09:00:03] [AIOS-Scenario-Replies-Sync] [START] begin file=E:\workSpace\scripts\ops\do_sync_scenario_replies.ps1
[2026-06-03 09:00:05] [AIOS-Tasks-Channel-Sync] [OK] exit_code=0
[2026-06-03 09:00:06] [AIOS-Tasks-Channel-Sync] [OK] foreground restored: YourChronicle
[2026-06-03 09:00:06] [AIOS-Tasks-Channel-Sync] [END] elapsed_ms=2174
[2026-06-03 09:00:27] [AIOS-Scenario-Replies-Sync] [OK] exit_code=0
[2026-06-03 09:00:27] [AIOS-Scenario-Replies-Sync] [OK] foreground restored: YourChronicle
[2026-06-03 09:00:27] [AIOS-Scenario-Replies-Sync] [END] elapsed_ms=23944
[2026-06-03 09:05:04] [AIOS-Scenario-Replies-Sync] [START] begin file=E:\workSpace\scripts\ops\do_sync_scenario_replies.ps1
[2026-06-03 09:05:24] [AIOS-Scenario-Replies-Sync] [OK] exit_code=0
[2026-06-03 09:05:24] [AIOS-Scenario-Replies-Sync] [OK] foreground restored: YourChronicle
[2026-06-03 09:05:24] [AIOS-Scenario-Replies-Sync] [END] elapsed_ms=20297
[2026-06-03 09:10:04] [AIOS-Scenario-Replies-Sync] [START] begin file=E:\workSpace\scripts\ops\do_sync_scenario_replies.ps1
[2026-06-03 09:10:24] [AIOS-Scenario-Replies-Sync] [OK] exit_code=0
[2026-06-03 09:10:25] [AIOS-Scenario-Replies-Sync] [OK] foreground restored: YourChronicle
[2026-06-03 09:10:25] [AIOS-Scenario-Replies-Sync] [END] elapsed_ms=20603
[2026-06-03 09:15:04] [AIOS-Scenario-Replies-Sync] [START] begin file=E:\workSpace\scripts\ops\do_sync_scenario_replies.ps1
[2026-06-03 09:15:24] [AIOS-Scenario-Replies-Sync] [OK] exit_code=0
[2026-06-03 09:15:25] [AIOS-Scenario-Replies-Sync] [OK] foreground restored: YourChronicle
[2026-06-03 09:15:25] [AIOS-Scenario-Replies-Sync] [END] elapsed_ms=20864
[2026-06-03 09:20:04] [AIOS-Scenario-Replies-Sync] [START] begin file=E:\workSpace\scripts\ops\do_sync_scenario_replies.ps1
[2026-06-03 09:20:25] [AIOS-Scenario-Replies-Sync] [OK] exit_code=0
[2026-06-03 09:20:25] [AIOS-Scenario-Replies-Sync] [OK] foreground restored: YourChronicle
[2026-06-03 09:20:25] [AIOS-Scenario-Replies-Sync] [END] elapsed_ms=21396
[2026-06-03 09:25:04] [AIOS-Scenario-Replies-Sync] [START] begin file=E:\workSpace\scripts\ops\do_sync_scenario_replies.ps1
[2026-06-03 09:25:24] [AIOS-Scenario-Replies-Sync] [OK] exit_code=0
[2026-06-03 09:25:24] [AIOS-Scenario-Replies-Sync] [OK] foreground restored: YourChronicle
[2026-06-03 09:25:24] [AIOS-Scenario-Replies-Sync] [END] elapsed_ms=20158
[2026-06-03 09:30:04] [AIOS-Scenario-Replies-Sync] [START] begin file=E:\workSpace\scripts\ops\do_sync_scenario_replies.ps1
[2026-06-03 09:30:24] [AIOS-Scenario-Replies-Sync] [OK] exit_code=0
[2026-06-03 09:30:24] [AIOS-Scenario-Replies-Sync] [OK] foreground restored: YourChronicle
[2026-06-03 09:30:24] [AIOS-Scenario-Replies-Sync] [END] elapsed_ms=20481
[2026-06-03 09:35:04] [AIOS-Scenario-Replies-Sync] [START] begin file=E:\workSpace\scripts\ops\do_sync_scenario_replies.ps1
[2026-06-03 09:35:23] [AIOS-Scenario-Replies-Sync] [OK] exit_code=0
[2026-06-03 09:35:23] [AIOS-Scenario-Replies-Sync] [OK] foreground restored: YourChronicle
[2026-06-03 09:35:23] [AIOS-Scenario-Replies-Sync] [END] elapsed_ms=19192
[2026-06-03 09:40:03] [AIOS-Scenario-Replies-Sync] [START] begin file=E:\workSpace\scripts\ops\do_sync_scenario_replies.ps1
[2026-06-03 09:40:25] [AIOS-Scenario-Replies-Sync] [OK] exit_code=0
[2026-06-03 09:40:25] [AIOS-Scenario-Replies-Sync] [OK] foreground restored: YourChronicle
[2026-06-03 09:40:25] [AIOS-Scenario-Replies-Sync] [END] elapsed_ms=21579
[2026-06-03 09:45:03] [AIOS-Scenario-Replies-Sync] [START] begin file=E:\workSpace\scripts\ops\do_sync_scenario_replies.ps1
[2026-06-03 09:45:23] [AIOS-Scenario-Replies-Sync] [OK] exit_code=0
[2026-06-03 09:45:23] [AIOS-Scenario-Replies-Sync] [OK] foreground restored: YourChronicle
[2026-06-03 09:45:23] [AIOS-Scenario-Replies-Sync] [END] elapsed_ms=19711
[2026-06-03 09:50:04] [AIOS-Scenario-Replies-Sync] [START] begin file=E:\workSpace\scripts\ops\do_sync_scenario_replies.ps1
[2026-06-03 09:50:26] [AIOS-Scenario-Replies-Sync] [OK] exit_code=0
[2026-06-03 09:50:27] [AIOS-Scenario-Replies-Sync] [OK] foreground restored: YourChronicle
[2026-06-03 09:50:27] [AIOS-Scenario-Replies-Sync] [END] elapsed_ms=22701
[2026-06-03 09:55:03] [AIOS-Scenario-Replies-Sync] [START] begin file=E:\workSpace\scripts\ops\do_sync_scenario_replies.ps1
[2026-06-03 09:55:27] [AIOS-Scenario-Replies-Sync] [OK] exit_code=0
[2026-06-03 09:55:28] [AIOS-Scenario-Replies-Sync] [OK] foreground restored: YourChronicle
[2026-06-03 09:55:28] [AIOS-Scenario-Replies-Sync] [END] elapsed_ms=24251
[2026-06-03 10:00:03] [AIOS-Tasks-Channel-Sync] [START] begin file=E:\workSpace\scripts\ops\do_sync_tasks_channel.ps1
[2026-06-03 10:00:03] [AIOS-Scenario-Replies-Sync] [START] begin file=E:\workSpace\scripts\ops\do_sync_scenario_replies.ps1
[2026-06-03 10:00:04] [AIOS-Tasks-Channel-Sync] [OK] exit_code=0
[2026-06-03 10:00:05] [AIOS-Tasks-Channel-Sync] [OK] foreground restored: YourChronicle
[2026-06-03 10:00:05] [AIOS-Tasks-Channel-Sync] [END] elapsed_ms=1981
[2026-06-03 10:00:23] [AIOS-Scenario-Replies-Sync] [OK] exit_code=0
[2026-06-03 10:00:23] [AIOS-Scenario-Replies-Sync] [OK] foreground restored: YourChronicle
[2026-06-03 10:00:23] [AIOS-Scenario-Replies-Sync] [END] elapsed_ms=20368
[2026-06-03 11:00:04] [AIOS-Tasks-Channel-Sync] [START] begin file=E:\workSpace\scripts\ops\do_sync_tasks_channel.ps1
[2026-06-03 11:00:05] [AIOS-Tasks-Channel-Sync] [OK] exit_code=0
[2026-06-03 11:00:06] [AIOS-Tasks-Channel-Sync] [OK] foreground restored: YourChronicle
[2026-06-03 11:00:06] [AIOS-Tasks-Channel-Sync] [END] elapsed_ms=2742
[2026-06-03 12:00:03] [AIOS-Tasks-Channel-Sync] [START] begin file=E:\workSpace\scripts\ops\do_sync_tasks_channel.ps1
[2026-06-03 12:00:05] [AIOS-Tasks-Channel-Sync] [OK] exit_code=0
[2026-06-03 12:00:06] [AIOS-Tasks-Channel-Sync] [OK] foreground restored: YourChronicle
[2026-06-03 12:00:06] [AIOS-Tasks-Channel-Sync] [END] elapsed_ms=2863
[2026-06-03 12:10:01] [AIOS-Inv-Noon] [START] begin file=E:\workSpace\scripts\ops\do_inv_noon_and_post.ps1
[2026-06-03 12:10:50] [AIOS-Inv-Noon] [OK] exit_code=0
[2026-06-03 12:10:51] [AIOS-Inv-Noon] [OK] foreground restored: YourChronicle
[2026-06-03 12:10:51] [AIOS-Inv-Noon] [END] elapsed_ms=50022
[2026-06-03 12:30:04] [AIOS-Scenario-Replies-Sync] [START] begin file=E:\workSpace\scripts\ops\do_sync_scenario_replies.ps1
[2026-06-03 12:30:25] [AIOS-Scenario-Replies-Sync] [OK] exit_code=0
[2026-06-03 12:30:25] [AIOS-Scenario-Replies-Sync] [OK] foreground restored: YourChronicle
[2026-06-03 12:30:25] [AIOS-Scenario-Replies-Sync] [END] elapsed_ms=20491
[2026-06-03 12:35:05] [AIOS-Scenario-Replies-Sync] [START] begin file=E:\workSpace\scripts\ops\do_sync_scenario_replies.ps1
[2026-06-03 12:35:24] [AIOS-Scenario-Replies-Sync] [OK] exit_code=0
[2026-06-03 12:35:25] [AIOS-Scenario-Replies-Sync] [OK] foreground restored: YourChronicle
[2026-06-03 12:35:25] [AIOS-Scenario-Replies-Sync] [END] elapsed_ms=19536
[2026-06-03 12:40:04] [AIOS-Scenario-Replies-Sync] [START] begin file=E:\workSpace\scripts\ops\do_sync_scenario_replies.ps1
[2026-06-03 12:40:24] [AIOS-Scenario-Replies-Sync] [OK] exit_code=0
[2026-06-03 12:40:24] [AIOS-Scenario-Replies-Sync] [OK] foreground restored: YourChronicle
[2026-06-03 12:40:24] [AIOS-Scenario-Replies-Sync] [END] elapsed_ms=19956
[2026-06-03 12:45:04] [AIOS-Scenario-Replies-Sync] [START] begin file=E:\workSpace\scripts\ops\do_sync_scenario_replies.ps1
[2026-06-03 12:45:26] [AIOS-Scenario-Replies-Sync] [OK] exit_code=0
[2026-06-03 12:45:27] [AIOS-Scenario-Replies-Sync] [OK] foreground restored: YourChronicle
[2026-06-03 12:45:27] [AIOS-Scenario-Replies-Sync] [END] elapsed_ms=22476
[2026-06-03 12:50:04] [AIOS-Scenario-Replies-Sync] [START] begin file=E:\workSpace\scripts\ops\do_sync_scenario_replies.ps1
[2026-06-03 12:50:23] [AIOS-Scenario-Replies-Sync] [OK] exit_code=0
[2026-06-03 12:50:24] [AIOS-Scenario-Replies-Sync] [OK] foreground restored: YourChronicle
[2026-06-03 12:50:24] [AIOS-Scenario-Replies-Sync] [END] elapsed_ms=19454
[2026-06-03 12:55:03] [AIOS-Scenario-Replies-Sync] [START] begin file=E:\workSpace\scripts\ops\do_sync_scenario_replies.ps1
[2026-06-03 12:55:25] [AIOS-Scenario-Replies-Sync] [OK] exit_code=0
[2026-06-03 12:55:25] [AIOS-Scenario-Replies-Sync] [OK] foreground restored: YourChronicle
[2026-06-03 12:55:25] [AIOS-Scenario-Replies-Sync] [END] elapsed_ms=21522
[2026-06-03 13:00:03] [AIOS-Tasks-Channel-Sync] [START] begin file=E:\workSpace\scripts\ops\do_sync_tasks_channel.ps1
[2026-06-03 13:00:05] [AIOS-Tasks-Channel-Sync] [OK] exit_code=0
[2026-06-03 13:00:05] [AIOS-Tasks-Channel-Sync] [OK] foreground restored: YourChronicle
[2026-06-03 13:00:05] [AIOS-Tasks-Channel-Sync] [END] elapsed_ms=1695
[2026-06-03 13:00:23] [AIOS-Scenario-Replies-Sync] [OK] exit_code=0
[2026-06-03 13:00:23] [AIOS-Scenario-Replies-Sync] [OK] foreground restored: YourChronicle
[2026-06-03 13:00:23] [AIOS-Scenario-Replies-Sync] [END] elapsed_ms=19875
[2026-06-03 13:05:04] [AIOS-Scenario-Replies-Sync] [START] begin file=E:\workSpace\scripts\ops\do_sync_scenario_replies.ps1
[2026-06-03 13:05:25] [AIOS-Scenario-Replies-Sync] [OK] exit_code=0
[2026-06-03 13:05:26] [AIOS-Scenario-Replies-Sync] [OK] foreground restored: YourChronicle
[2026-06-03 13:05:26] [AIOS-Scenario-Replies-Sync] [END] elapsed_ms=21765
[2026-06-03 13:10:04] [AIOS-Scenario-Replies-Sync] [START] begin file=E:\workSpace\scripts\ops\do_sync_scenario_replies.ps1
[2026-06-03 13:10:23] [AIOS-Scenario-Replies-Sync] [OK] exit_code=0
[2026-06-03 13:10:24] [AIOS-Scenario-Replies-Sync] [OK] foreground restored: YourChronicle
[2026-06-03 13:10:24] [AIOS-Scenario-Replies-Sync] [END] elapsed_ms=19962
[2026-06-03 13:15:05] [AIOS-Scenario-Replies-Sync] [START] begin file=E:\workSpace\scripts\ops\do_sync_scenario_replies.ps1
[2026-06-03 13:15:25] [AIOS-Scenario-Replies-Sync] [OK] exit_code=0
[2026-06-03 13:15:25] [AIOS-Scenario-Replies-Sync] [OK] foreground restored: YourChronicle
[2026-06-03 13:15:25] [AIOS-Scenario-Replies-Sync] [END] elapsed_ms=20048
[2026-06-03 13:20:05] [AIOS-Scenario-Replies-Sync] [START] begin file=E:\workSpace\scripts\ops\do_sync_scenario_replies.ps1
[2026-06-03 13:20:25] [AIOS-Scenario-Replies-Sync] [OK] exit_code=0
[2026-06-03 13:20:25] [AIOS-Scenario-Replies-Sync] [OK] foreground restored: YourChronicle
[2026-06-03 13:20:25] [AIOS-Scenario-Replies-Sync] [END] elapsed_ms=20001
[2026-06-03 13:25:04] [AIOS-Scenario-Replies-Sync] [START] begin file=E:\workSpace\scripts\ops\do_sync_scenario_replies.ps1
[2026-06-03 13:25:24] [AIOS-Scenario-Replies-Sync] [OK] exit_code=0
[2026-06-03 13:25:24] [AIOS-Scenario-Replies-Sync] [OK] foreground restored: YourChronicle
[2026-06-03 13:25:24] [AIOS-Scenario-Replies-Sync] [END] elapsed_ms=19924
[2026-06-03 13:30:04] [AIOS-Scenario-Replies-Sync] [START] begin file=E:\workSpace\scripts\ops\do_sync_scenario_replies.ps1
[2026-06-03 13:30:25] [AIOS-Scenario-Replies-Sync] [OK] exit_code=0
[2026-06-03 13:30:26] [AIOS-Scenario-Replies-Sync] [OK] foreground restored: YourChronicle
[2026-06-03 13:30:26] [AIOS-Scenario-Replies-Sync] [END] elapsed_ms=21668
[2026-06-03 14:00:03] [AIOS-Tasks-Channel-Sync] [START] begin file=E:\workSpace\scripts\ops\do_sync_tasks_channel.ps1
[2026-06-03 14:00:05] [AIOS-Tasks-Channel-Sync] [OK] exit_code=0
[2026-06-03 14:00:06] [AIOS-Tasks-Channel-Sync] [OK] foreground restored: YourChronicle
[2026-06-03 14:00:06] [AIOS-Tasks-Channel-Sync] [END] elapsed_ms=2317
[2026-06-03 15:00:07] [AIOS-Tasks-Channel-Sync] [START] begin file=E:\workSpace\scripts\ops\do_sync_tasks_channel.ps1
[2026-06-03 15:00:08] [AIOS-Tasks-Channel-Sync] [OK] exit_code=0
[2026-06-03 15:00:09] [AIOS-Tasks-Channel-Sync] [OK] foreground restored: YourChronicle
[2026-06-03 15:00:09] [AIOS-Tasks-Channel-Sync] [END] elapsed_ms=2410
[2026-06-03 16:00:03] [AIOS-Tasks-Channel-Sync] [START] begin file=E:\workSpace\scripts\ops\do_sync_tasks_channel.ps1
[2026-06-03 16:00:04] [AIOS-Tasks-Channel-Sync] [OK] exit_code=0
[2026-06-03 16:00:06] [AIOS-Tasks-Channel-Sync] [OK] foreground restored: YourChronicle
[2026-06-03 16:00:06] [AIOS-Tasks-Channel-Sync] [END] elapsed_ms=2483
[2026-06-03 17:00:02] [AIOS-Inv-Evening] [WARN] previous run may be incomplete (last START has no END)
[2026-06-03 17:00:02] [AIOS-Inv-Evening] [START] begin file=E:\workSpace\scripts\ops\do_inv_evening_and_post.ps1
[2026-06-03 17:00:02] [AIOS-Tasks-Channel-Sync] [START] begin file=E:\workSpace\scripts\ops\do_sync_tasks_channel.ps1
[2026-06-03 17:00:04] [AIOS-Tasks-Channel-Sync] [OK] exit_code=0
[2026-06-03 17:00:04] [AIOS-Tasks-Channel-Sync] [OK] foreground restored: YourChronicle
[2026-06-03 17:00:05] [AIOS-Tasks-Channel-Sync] [END] elapsed_ms=2373
[2026-06-03 17:32:18] [AIOS-Inv-Evening] [OK] exit_code=0
[2026-06-03 17:32:18] [AIOS-Inv-Evening] [OK] foreground restored: YourChronicle
[2026-06-03 17:32:19] [AIOS-Inv-Evening] [END] elapsed_ms=1936621
[2026-06-03 18:00:03] [AIOS-Tasks-Channel-Sync] [START] begin file=E:\workSpace\scripts\ops\do_sync_tasks_channel.ps1
[2026-06-03 18:00:04] [AIOS-Tasks-Channel-Sync] [OK] exit_code=0
[2026-06-03 18:00:05] [AIOS-Tasks-Channel-Sync] [OK] foreground restored: YourChronicle
[2026-06-03 18:00:05] [AIOS-Tasks-Channel-Sync] [END] elapsed_ms=2306
[2026-06-03 19:32:52] [AIOS-Tasks-Channel-Sync] [START] begin file=E:\workSpace\scripts\ops\do_sync_tasks_channel.ps1
[2026-06-03 19:32:54] [AIOS-Tasks-Channel-Sync] [OK] exit_code=0
[2026-06-03 19:32:55] [AIOS-Tasks-Channel-Sync] [OK] foreground restored: YourChronicle
[2026-06-03 19:32:55] [AIOS-Tasks-Channel-Sync] [END] elapsed_ms=2851
[2026-06-03 19:34:12] [AIOS-Night] [OK] exit_code=0
[2026-06-03 19:34:12] [AIOS-Night] [OK] foreground restored: YourChronicle
[2026-06-03 19:34:12] [AIOS-Night] [END] elapsed_ms=79369
[2026-06-03 20:00:02] [AIOS-Inv-Heavy-2000] [START] begin file=E:\workSpace\scripts\ops\do_inv_heavy_and_post.ps1
[2026-06-03 20:00:03] [AIOS-Tasks-Channel-Sync] [START] begin file=E:\workSpace\scripts\ops\do_sync_tasks_channel.ps1
[2026-06-03 20:00:04] [AIOS-Tasks-Channel-Sync] [OK] exit_code=0
[2026-06-03 20:00:04] [AIOS-Tasks-Channel-Sync] [OK] foreground restored: YourChronicle
[2026-06-03 20:00:04] [AIOS-Tasks-Channel-Sync] [END] elapsed_ms=1660
[2026-06-03 21:00:03] [AIOS-Tasks-Channel-Sync] [START] begin file=E:\workSpace\scripts\ops\do_sync_tasks_channel.ps1
[2026-06-03 21:00:05] [AIOS-Tasks-Channel-Sync] [OK] exit_code=0
[2026-06-03 21:00:06] [AIOS-Tasks-Channel-Sync] [OK] foreground restored: YourChronicle
[2026-06-03 21:00:06] [AIOS-Tasks-Channel-Sync] [END] elapsed_ms=3315
[2026-06-03 21:20:03] [AIOS-Alert-Healthcheck] [START] begin file=E:\workSpace\scripts\ops\do_alert_and_post.ps1
[2026-06-03 21:20:06] [AIOS-Alert-Healthcheck] [ERROR] exit_code=2
[2026-06-03 21:20:08] [AIOS-Alert-Healthcheck] [OK] foreground restored: YourChronicle
[2026-06-03 21:20:08] [AIOS-Alert-Healthcheck] [END] elapsed_ms=4502
[2026-06-03 21:28:45] [AIOS-Inv-Heavy-2000] [OK] exit_code=0
[2026-06-03 21:28:46] [AIOS-Inv-Heavy-2000] [OK] foreground restored: YourChronicle
[2026-06-03 21:28:46] [AIOS-Inv-Heavy-2000] [END] elapsed_ms=5323636
[2026-06-03 22:00:03] [AIOS-Tasks-Channel-Sync] [START] begin file=E:\workSpace\scripts\ops\do_sync_tasks_channel.ps1
[2026-06-03 22:00:04] [AIOS-Tasks-Channel-Sync] [OK] exit_code=0
[2026-06-03 22:00:04] [AIOS-Tasks-Channel-Sync] [OK] foreground restored: YourChronicle
[2026-06-03 22:00:04] [AIOS-Tasks-Channel-Sync] [END] elapsed_ms=1714
[2026-06-03 23:00:04] [AIOS-Tasks-Channel-Sync] [START] begin file=E:\workSpace\scripts\ops\do_sync_tasks_channel.ps1
[2026-06-03 23:00:07] [AIOS-Tasks-Channel-Sync] [OK] exit_code=0
[2026-06-03 23:00:08] [AIOS-Tasks-Channel-Sync] [OK] foreground restored: YourChronicle
[2026-06-03 23:00:08] [AIOS-Tasks-Channel-Sync] [END] elapsed_ms=3899
